Популярные запросы,Kлики,Показы,CTR,Позиция
bestchange rub to usdt,1,4,25%,8
txid check,1,4,25%,42.75
buy skrill,1,3,33.33%,25.33
paypal exchange rate,0,66,0%,36.85
bitcoin vs usdt,0,63,0%,60.02
usdt bep20,0,59,0%,79.59
bitcoin tetherus,0,51,0%,45.63
solana kurs,0,46,0%,33.13
gram ton,0,43,0%,45.56
yota криптовалюта купить,0,39,0%,32.05
mastercard exchange rate,0,39,0%,39.85
aml crypto check,0,39,0%,71.87
aml check crypto,0,36,0%,76.25
tether usdt bep20,0,35,0%,60.43
rshb card,0,32,0%,12.06
курс валют wise,0,30,0%,36.07
обмен с приват24 на биткоин,0,30,0%,74.5
обмен tether erc20 xaut на gram,0,29,0%,17.41
buy usdt bep20,0,29,0%,66.97
paypal euro exchange rate,0,28,0%,42.64
usdt bep20 wallet,0,28,0%,66.82
курс биткоины за рубли в сбербанке,0,28,0%,70.36
bep20 usdt,0,27,0%,76.81
solana price,0,26,0%,27.62
монобанк uah на wise eur,0,26,0%,39.04
yoomoney,0,25,0%,22.32
курс биткоина в сбербанке,0,25,0%,56.52
курсы криптовалют в реальном времени график,0,25,0%,69.44
обмен litecoin на tether erc20 xaut,0,23,0%,15.96
revolut exchange rate,0,23,0%,20.48
dash to usd,0,23,0%,47.09
buy pax dollar,0,23,0%,55.57
курс dash к гривне,0,23,0%,70.87
usdt (bep20),0,23,0%,77.09
buy usdt avax,0,23,0%,77.3
iota купить криптовалюту,0,22,0%,31
обмен gram на tether erc20 (xaut),0,21,0%,20.05
обмен tether erc20 xaut на ethereum,0,21,0%,20.14
обмен usdt erc20 на tether erc20 (xaut),0,21,0%,20.71
tether bep20,0,21,0%,65.95
usdt monobank,0,20,0%,53.15
bep 20 usdt,0,20,0%,86.6
обмен tether erc20 xaut на usdt erc20,0,19,0%,18.37
waves to inr,0,19,0%,25.58
paypal conversion rate,0,19,0%,45.11
aml checker,0,19,0%,74.47
moneygram currency rates online,0,18,0%,40.17
ravencoin to bitcoin,0,18,0%,44.67
crypto aml check,0,18,0%,77.28
visa exchange rate,0,17,0%,31.88
eos криптовалюта купить,0,17,0%,36.59
обмен биткоин,0,17,0%,39.53
קרדנו,0,17,0%,44.06
тера криптовалюта,0,17,0%,46.41
разница курсов криптовалют,0,17,0%,78.88
usdt trc20 обмен,0,16,0%,35.94
usdt erc20 vs trc20,0,16,0%,60.12
ethereum vs usdt,0,16,0%,64.75
מטבע קרדנו,0,16,0%,78
обмен tether erc20 xaut на usdt bep20,0,15,0%,15.87
dash kurs,0,15,0%,16.87
обмен trx на usdc bep20,0,15,0%,23.93
paypal exchange rate today,0,15,0%,32.53
paysera,0,15,0%,35.67
tether erc20 на privat24 uah,0,15,0%,45.07
комиссия обменников криптовалют,0,15,0%,55.07
курс обмена криптовалют,0,15,0%,55.2
usdt on bep20,0,15,0%,67.2
купить лайткоин,0,15,0%,76.47
стеллар криптовалюта,0,15,0%,78.2
цена криптовалюты в реальном времени,0,15,0%,80.2
kyc что это,0,15,0%,88.87
обмен usdc bep20 на trx,0,14,0%,19.07
обмен tether erc20 xaut на usdc bep20,0,14,0%,20.43
обмен litecoin на usdc bep20,0,14,0%,22.21
обмен usdc bep20 на tether erc20 xaut,0,14,0%,24.93
обмен валют биткоин,0,14,0%,45.71
btc vs usdt,0,14,0%,63.64
usdt на сбербанк без aml,0,14,0%,72.86
aml проверка,0,14,0%,76.86
процедура kyc что это такое простыми словами,0,14,0%,91.5
bestchange rub usdt,0,13,0%,7.08
обмен tether erc20 xaut на usdc erc20,0,13,0%,17.92
вывод litecoin на карту,0,13,0%,25.15
обмен usdt bep20 на tether erc20 (xaut),0,13,0%,29.15
moneygram тарифы в евро,0,13,0%,36
buy polygon with bank transfer,0,13,0%,45.23
вебмани криптовалюта,0,13,0%,47.62
eos криптовалюта курс,0,13,0%,50.31
сеть криптовалют,0,13,0%,51.46
waves криптовалюта официальный,0,13,0%,55.15
обмен биткоинов онлайн,0,13,0%,55.54
мониторинг курса криптовалют,0,13,0%,58.31
обмен моно на usdt,0,13,0%,61.08
btc to privat24,0,13,0%,70
дебетовые карты в евро,0,13,0%,83
kyc что это в банковской системе,0,13,0%,93.69
обмен gram на наличные,0,12,0%,11.75
обмен usdt trc20 на tether erc20 (xaut),0,12,0%,28.92
обмен вебмани,0,12,0%,30.17
укрсиббанк курс,0,12,0%,32.5
dash exchange rate,0,12,0%,39.33
dot to usdt20,0,12,0%,56.58
сравнение криптовалют,0,12,0%,60.5
exchange xrp,0,12,0%,62.67
сеть биткоин,0,12,0%,67.17
iota price,0,12,0%,71.58
в каких банках можно купить евро,0,12,0%,74.67
что такое обменник,0,11,0%,7.64
обмен litecoin на usdc erc20,0,11,0%,22.82
revolut kurs euro,0,11,0%,31.64
курс укрсиббанк,0,11,0%,33.36
ukrsibbank курс валют,0,11,0%,35.36
конвертер валют wise,0,11,0%,36.45
обмен bitcoin,0,11,0%,37.45
xrp kurs,0,11,0%,39.82
укрсиббанк курс валют,0,11,0%,41.73
картковий курс валют укрсиббанк,0,11,0%,42.45
курс тинькофф вайлдберриз,0,11,0%,43.36
exchange xrp to bsv,0,11,0%,47.45
waves coin kaufen,0,11,0%,49.64
you money,0,11,0%,52.36
йота криптовалюта курс,0,11,0%,55.45
nem криптовалюта кошелек,0,11,0%,55.64
txid что это,0,11,0%,56.18
iota криптовалюта,0,11,0%,58.45
buy eth arbitrum,0,11,0%,63.09
convert algo to ltc,0,11,0%,64.45
swap dot to usdt20,0,11,0%,71.09
что такое kyc в банке,0,11,0%,82.55
usdt trc20,0,11,0%,99.09
обмен usdc на рубли на карту,0,10,0%,23.6
обмен wmz,0,10,0%,34
euro paypal,0,10,0%,38.5
купить waves криптовалюта,0,10,0%,40
криптовалюта нео купить,0,10,0%,40.5
qiwi криптовалюта,0,10,0%,41
usdt uah,0,10,0%,42.9
курс валют укрсиббанк,0,10,0%,42.9
exchange rvn to btc,0,10,0%,48.8
rvn to btc,0,10,0%,49.5
iota bnb,0,10,0%,49.9
обмен монобанк на usdt,0,10,0%,57.9
buy chainlink with bank transfer,0,10,0%,65.7
convert algo to trx,0,10,0%,66.2
iota kurs,0,10,0%,66.7
buy pax dollar uk,0,10,0%,68.1
обозначение криптовалют,0,10,0%,69.9
usdt vs eth,0,10,0%,71.6
buy usd coin with bank transfer,0,10,0%,74
eth vs usdt,0,10,0%,74.1
криптовалюта курс на сегодня график,0,10,0%,75.8
crypto address aml check,0,10,0%,76.6
algo to ltc exchange,0,10,0%,77.5
проверка kyc что это,0,10,0%,79.5
btc aml check,0,10,0%,80.7
aml bitcoin check,0,10,0%,85.1
открыть карту в евро,0,10,0%,91.6
обмен usdc на карту,0,9,0%,13.89
укрсиббанккурс валют,0,9,0%,23.33
nem криптовалюта,0,9,0%,25.33
обмен ethereum на gram,0,9,0%,25.33
150 wmz,0,9,0%,28.89
обмен btc,0,9,0%,31.44
россельхозбанк курс валют,0,9,0%,32.89
wise курс валют,0,9,0%,34
ripple exchange rate,0,9,0%,36.67
usdt trc 20 обмен,0,9,0%,37
paypal aud to usd,0,9,0%,41.33
криптовалюта графики цен,0,9,0%,43.22
exchange iota to btc,0,9,0%,45.11
открыть счет в банке в kzt,0,9,0%,47.56
waves price,0,9,0%,51.67
графики курса криптовалют,0,9,0%,52.33
usdc erc20,0,9,0%,52.56
privat24 to usdt,0,9,0%,54.44
trc20 или erc20,0,9,0%,54.89
график криптовалют онлайн,0,9,0%,57
eos криптовалюта,0,9,0%,57.56
график криптовалют сегодня,0,9,0%,59.78
algo to ltc,0,9,0%,61.44
ravencoin exchange,0,9,0%,68.33
algo to trx,0,9,0%,69
обмен монобанк на биткоин,0,9,0%,73.89
курсы криптовалют в реальном времени,0,9,0%,75.89
aml check btc,0,9,0%,84.33
buy crypto with usd,0,9,0%,87.78
dash to paypal,0,8,0%,17.12
обмен tether erc20 xaut на usdt trc20,0,8,0%,22.25
dash to eur,0,8,0%,24.88
global24,0,8,0%,25.75
обмен gram на bitcoin,0,8,0%,26.38
rshb,0,8,0%,28.12
россельхозбанк курс,0,8,0%,36.38
mastercard valuta,0,8,0%,37.25
exchange dash to usdt20,0,8,0%,38.88
курс биткоина в обменниках,0,8,0%,44.12
курс эфира к биткоину,0,8,0%,44.75
пумб на tether erc20 usdt,0,8,0%,46
swap rvn to btc,0,8,0%,46.38
wmz,0,8,0%,47
втб 24 биткоин,0,8,0%,48.5
zellepay currency,0,8,0%,49.75
payoneer to monobank,0,8,0%,50.75
btc tether,0,8,0%,51
monobank payoneer,0,8,0%,55.75
yota криптовалюта курс,0,8,0%,57
waves криптовалюта,0,8,0%,57.5
монобанк на tether trc20 usdt,0,8,0%,60.25
графики криптовалют онлайн в реальном,0,8,0%,60.62
пумб на erc20,0,8,0%,61.12
swap algo to ltc,0,8,0%,61.5
bnb vs usdt,0,8,0%,61.62
usdt vs btc,0,8,0%,65
как менять биткоины,0,8,0%,67.5
дебетовая карта в евро,0,8,0%,69.12
usdt to visa card,0,8,0%,69.38
рынок криптовалют сегодня,0,8,0%,69.88
банк обмена валют,0,8,0%,70.25
usdt20 to xtz exchange,0,8,0%,74
bitcoin aml check,0,8,0%,78.12
arbitrum fees,0,8,0%,79.75
aml check btc online,0,8,0%,79.88
курс криптовалют онлайн в реальном времени,0,8,0%,79.88
валютные карты в евро,0,8,0%,82.38
usdt-trc20,0,8,0%,97.5
обменник это,0,7,0%,5
обмен usdc erc20 на tether erc20 xau,0,7,0%,17.57
продать etc,0,7,0%,19
обмен tether erc20 xaut на litecoin,0,7,0%,22.29
обмен втб на биткоин,0,7,0%,22.71
обмен usdc erc20 на bitcoin,0,7,0%,23.86
обмен gram на litecoin,0,7,0%,25.86
transferwise exchange rate,0,7,0%,27.57
nem xem криптовалюта,0,7,0%,28.43
обмен ethereum на litecoin,0,7,0%,28.71
visa credit card exchange rate,0,7,0%,34.29
ukrsibbank uah на tether trc20,0,7,0%,35.57
россельхозбанк курс доллара,0,7,0%,39.71
ria exchange rate,0,7,0%,40.14
ravencoin to btc,0,7,0%,41.57
btc to rvn swap,0,7,0%,43
рсхб курс валют,0,7,0%,43
курсовой график криптовалют,0,7,0%,43.71
usdt issuance vs bitcoin price chart,0,7,0%,44.71
валютна картка укрсиббанк,0,7,0%,47.71
ripple bitcoin exchange rate,0,7,0%,50.14
convert rvn to btc,0,7,0%,50.57
криптовалюта график,0,7,0%,51
exchange btc to sui,0,7,0%,52.86
iota to btc,0,7,0%,53.57
криптовалюта bat,0,7,0%,53.71
waves криптовалюта курс к рублю,0,7,0%,57
where to buy nem xem,0,7,0%,60.14
exchange dash to usdt,0,7,0%,60.71
график криптовалют в реальном времени,0,7,0%,60.86
usdt на privat24 без aml,0,7,0%,62.57
how to buy nem with usd,0,7,0%,63.57
buy usdt trc20 with paypal,0,7,0%,65.57
where can you buy nem crypto,0,7,0%,66.43
where to buy xem,0,7,0%,66.43
usdt vs ethereum,0,7,0%,67.71
convert aave to bnbbsc,0,7,0%,67.86
dash to btc,0,7,0%,68.14
банк перевод,0,7,0%,69.14
where to buy nem coin,0,7,0%,69.71
crypto aml check online,0,7,0%,70.71
best way to buy xem,0,7,0%,71.14
how can i buy xem,0,7,0%,71.43
buy nem coins,0,7,0%,72.43
nem coin where to buy,0,7,0%,72.71
where to buy xem coin,0,7,0%,72.71
how to buy nem coin,0,7,0%,73
криптовалюта zcash,0,7,0%,73.57
курсы криптовалют на бирже в реальном времени,0,7,0%,74.57
algo to trx exchange,0,7,0%,75.14
where to buy xem crypto,0,7,0%,76.29
buy xem crypto,0,7,0%,76.57
bnbbsc to aave exchange,0,7,0%,78.29
тера онлайн биткоин,0,7,0%,81.71
swap bnb to aave,0,7,0%,81.86
kyc meaning,0,7,0%,88.14
algo to fil,0,7,0%,88.29
сравнение бирж криптовалют,0,7,0%,95.43
расшифровка криптовалюты,0,7,0%,96.29
bestchange usdt rub,0,6,0%,10.33
solana kurss,0,6,0%,17.67
обмен usd на trc20,0,6,0%,20.67
купить gram онлайн обменник,0,6,0%,23.17
waves to eur,0,6,0%,23.33
обнал usdt erc20 в евро москва,0,6,0%,25.83
revolut exchange rates,0,6,0%,27.5
обмен usdc erc20 на gram,0,6,0%,27.67
обмен киви на биткоин,0,6,0%,28
ils valuutta,0,6,0%,28.33
notcoin курс,0,6,0%,28.83
iota криптовалюта купить,0,6,0%,29.5
paypal exchange,0,6,0%,31
qiwi bitcoin обмен,0,6,0%,31
300 wmz,0,6,0%,32
paypal árfolyam,0,6,0%,32
россельхозбанк валюта,0,6,0%,33.67
dash prepaid mastercard withdrawal limit,0,6,0%,36.33
россельхозбанк обмен валюты,0,6,0%,39
mastercard växelkurs,0,6,0%,39.33
zrx криптовалюта,0,6,0%,39.83
waves btc exchange,0,6,0%,40.67
skrill exchanger,0,6,0%,42
динамика криптовалют,0,6,0%,43.33
payoneer monobank,0,6,0%,44.17
waves to btc,0,6,0%,44.33
iota to bitcoin,0,6,0%,48.5
mastercard bank rate,0,6,0%,51
convert ravencoin to bitcoin,0,6,0%,52
даш криптовалюта курс,0,6,0%,53.67
криптовалюта iota курс,0,6,0%,55.33
отслеживание курса криптовалют,0,6,0%,55.83
обмен сбербанк на биткоин,0,6,0%,56.5
btc to iota,0,6,0%,56.83
bsv to usdt20,0,6,0%,58.83
where to sell ravencoin,0,6,0%,58.83
обмен монобанк на tether erc20,0,6,0%,59.17
buy xem with usd,0,6,0%,60
обменник валюты биткоин,0,6,0%,60.17
котировка криптовалюты в реальном времени,0,6,0%,60.5
buy trc20 with paypal,0,6,0%,61
where to buy xem with usd,0,6,0%,61.5
convert dash to usdt,0,6,0%,61.83
how to buy xem with usd,0,6,0%,62.5
privat24 usdt,0,6,0%,62.83
where to buy xem usd,0,6,0%,62.83
bnb to aave exchange,0,6,0%,63.83
buy eth on arbitrum,0,6,0%,65
where can you buy xem,0,6,0%,65
aml crypto checker,0,6,0%,66
how to buy xem,0,6,0%,67.33
how do i buy xem,0,6,0%,70.67
buy xrp,0,6,0%,71.17
monero xmr exchange buy,0,6,0%,72.33
how to buy nem xem coin,0,6,0%,73.17
how to buy nem coins,0,6,0%,74.33
convert algo to usdt20,0,6,0%,77.17
swap algo to trx,0,6,0%,77.67
cours near protocol,0,6,0%,78
how to buy xem coin,0,6,0%,79.5
aml сервис,0,6,0%,80.83
курс криптовалюты онлайн в режиме реального времени,0,6,0%,82.33
usdc какая сеть,0,6,0%,82.67
algo to xlm exchange,0,6,0%,83
swap algo to icp,0,6,0%,83.67
aml wallet check,0,6,0%,86.33
algo to usdt20 exchange,0,6,0%,89.67
usdt rub bestchange,0,5,0%,5.4
"""mana"" ""decentraland"" -site:reddit.com -site:twitter.com -site:x.com 
-site:wykop.pl -site:tripadvisor.com -site:youtube.com -site:yelp.com 
-site:booking.com -site:facebook.com -site:instagram.com -site:tiktok.com",0,5,0%,6.2
пайсера банк,0,5,0%,20.2
вывод tether usdt erc20 в евро москва,0,5,0%,22.2
wise usd на erc20,0,5,0%,25
обмен киви на рипл,0,5,0%,25.6
обмен gram c карты,0,5,0%,29.2
хем криптовалюта,0,5,0%,34
киви на биткоин,0,5,0%,41.4
waves криптовалюта курс,0,5,0%,41.8
bcc криптовалюта курс,0,5,0%,42.2
usdt/uah,0,5,0%,42.4
kurs euro paypal,0,5,0%,43
payoneer exchange rate,0,5,0%,43.2
trx to paypal,0,5,0%,44.2
перевод erc20 в евро москва,0,5,0%,44.2
каспий банк курс валют,0,5,0%,44.4
exchange iota to eth,0,5,0%,44.8
exchange ravencoin to eth,0,5,0%,44.8
payoneer to wise,0,5,0%,45.8
btc how to exchange,0,5,0%,47
exchange rvn to eth,0,5,0%,48
монобанк на tether erc20 usdt,0,5,0%,48.6
how to convert ravencoin to eth,0,5,0%,49.8
how to exchange ravencoin for ethereum,0,5,0%,49.8
btc usd vs btc usdt,0,5,0%,51.2
where to exchange ravencoin,0,5,0%,51.8
сбербанк конвертация по карте,0,5,0%,52.2
курсы обменников криптовалют,0,5,0%,52.4
криптовалюта дэш,0,5,0%,53.6
iota to eth,0,5,0%,54.6
erc20 на пумб,0,5,0%,55.6
обмен биткоин вебмани,0,5,0%,57.4
обменять сбп рубли на usdt без kyc,0,5,0%,57.4
криптовалюта йота,0,5,0%,57.8
обміняти монобанк uah на tether erc20 usdt,0,5,0%,59.2
classic криптовалюта,0,5,0%,59.8
nem криптовалюта курс,0,5,0%,59.8
exchange btc to bsv,0,5,0%,60
криптовалюта курс график,0,5,0%,60.4
ltc на privat24 uah,0,5,0%,61
exchange ravencoin,0,5,0%,62.2
trc20 на монобанк usd,0,5,0%,62.6
swap btc to sv,0,5,0%,63
криптовалюта график онлайн,0,5,0%,63.8
usdt vs tether,0,5,0%,65.8
swap dash to usdt,0,5,0%,69
erc20 на монобанк,0,5,0%,69.8
курсы криптовалют в реальном,0,5,0%,73
swap algo to xlm,0,5,0%,75
best place to buy xem,0,5,0%,75.6
купить лайткоин онлайн,0,5,0%,76
usd to crypto exchange,0,5,0%,78.6
курсы криптовалют онлайн график,0,5,0%,78.8
курсы криптовалют в реальном времени к рублю,0,5,0%,81
buy bitcoin sv,0,5,0%,82.8
aml как проверить,0,5,0%,83.2
xrp to usdt20,0,5,0%,83.2
проверка kyc,0,5,0%,84.6
верификация kyc,0,5,0%,85.4
амл,0,5,0%,88.6
tinkoff p2p,0,4,0%,22.5
cardano kurss,0,4,0%,23.5
dash to iota exchange rate,0,4,0%,24.25
erc20 на zelle usd,0,4,0%,25.25
обмен киви биткоин,0,4,0%,25.5
wise exchange rate,0,4,0%,26.5
обменять киви на биткоин,0,4,0%,27
1 usdt ton,0,4,0%,27.25
cardano kurs,0,4,0%,28.5
обмен эфир юсдт,0,4,0%,29.5
revolut kurs,0,4,0%,29.75
обмен usdt trc20 на trx,0,4,0%,30
transferwise rate,0,4,0%,30.5
xem криптовалюта курс,0,4,0%,31.25
курс т,0,4,0%,31.25
paypal kurz euro,0,4,0%,31.75
obmennik,0,4,0%,33.75
wisselkoers mastercard,0,4,0%,34
near to eur,0,4,0%,34.75
exchange cardano,0,4,0%,35.25
paypal exchange rates,0,4,0%,35.5
xem криптовалюта,0,4,0%,36.75
россельхозбанк обмен валюты курс,0,4,0%,37.5
payoneer usd на usd,0,4,0%,38
paypal currency conversion rate,0,4,0%,38.25
paypal exchange rates today,0,4,0%,39.75
erc20 на монобанк usd,0,4,0%,41
rvn to eth exchange,0,4,0%,42.25
втб биткоин,0,4,0%,42.5
mastercard exchange rates,0,4,0%,42.75
xvg to btc,0,4,0%,42.75
tinkoff exchange rate,0,4,0%,43
стоимость криптовалюта nem,0,4,0%,43
kurs visa,0,4,0%,43.25
paypal current exchange rate,0,4,0%,43.75
курсы обмена криптовалют,0,4,0%,43.75
money to go,0,4,0%,44.25
душанбе сити курс,0,4,0%,44.25
sell ravencoin for usd,0,4,0%,44.5
монобанк на tether erc20,0,4,0%,44.5
exchange ethereum to iota,0,4,0%,45.25
change cash,0,4,0%,45.75
пумб на tether erc20,0,4,0%,46
exmo com обмен криптовалют,0,4,0%,47
обмен приват на eth,0,4,0%,47
sv exchange,0,4,0%,47.5
tezos криптовалюта,0,4,0%,47.5
exchange xrp to sui,0,4,0%,48
sell monero to paypal,0,4,0%,48
usd coin sol exchange,0,4,0%,48
aml проверка кошелька что это,0,4,0%,48.25
exchange iota to ethereum,0,4,0%,48.25
обменять биткоин,0,4,0%,48.25
курс обмена валют paypal,0,4,0%,49
swap rvn to eth,0,4,0%,49.75
exchange ravencoin for ethereum,0,4,0%,50.25
ravencoin to ethereum exchange,0,4,0%,50.5
qiwi биткоин,0,4,0%,51
tether erc20 на монобанк,0,4,0%,51
динамика криптовалют графики,0,4,0%,51
тера онлайн заработок на биткоинах,0,4,0%,51.25
ravencoin to eth exchange,0,4,0%,51.75
usdt eth,0,4,0%,52.25
wmz в рублях,0,4,0%,52.25
cardano to usdt,0,4,0%,52.5
verge to btc,0,4,0%,53.25
ravencoin to eth,0,4,0%,53.5
payoneer exchange,0,4,0%,53.75
графики криптовалют онлайн в реальном времени,0,4,0%,53.75
usd cash,0,4,0%,54.25
dash cryptocurrency to usd,0,4,0%,54.75
exchange btc to iota,0,4,0%,55
bitcoin to iota,0,4,0%,55.75
rvn to btc exchange,0,4,0%,55.75
paypal to monero,0,4,0%,57
обмен btc на сбербанк,0,4,0%,57.5
convert algo to xlm,0,4,0%,58
eth to iota exchange,0,4,0%,58.75
btc tether exchange,0,4,0%,59.25
ltc to paypal,0,4,0%,59.25
payoneer converter,0,4,0%,60.25
купить usdt trc20,0,4,0%,60.25
buy monero with usd,0,4,0%,60.5
exchange ravencoin for bitcoin,0,4,0%,60.5
1 dash to btc,0,4,0%,61
bep20 usdt wallet,0,4,0%,61
dash to usdt,0,4,0%,61
kursy walut raiffeisen,0,4,0%,61
dash to usdt20,0,4,0%,61.75
обмен приват на биткоин,0,4,0%,62
buy ngn,0,4,0%,62.5
exchange btc to usdt polygon,0,4,0%,62.5
iota to ethereum,0,4,0%,62.75
ethereum to iota,0,4,0%,63
криптовалюта даш,0,4,0%,63.25
usdt to paypal exchange,0,4,0%,63.5
обмін юсдт монобанк,0,4,0%,65
how to buy bsv coin,0,4,0%,65.5
пумб на tether trc20 usdt,0,4,0%,65.5
котировки криптовалют в реальном,0,4,0%,66
buy iota with usd,0,4,0%,66.25
payoneer swift transfer,0,4,0%,66.25
buy iota usd,0,4,0%,66.5
buy xem coin,0,4,0%,66.5
tether erc20 usdt на монобанк,0,4,0%,66.75
пумб на tether trc20,0,4,0%,66.75
convert btc to bsv,0,4,0%,67.25
yearn.finance kaufen,0,4,0%,67.25
exchange xrp to xvg,0,4,0%,67.5
algo to xlm,0,4,0%,68
zelle currency,0,4,0%,68.5
algo to icp,0,4,0%,69
обмен приват на bitcoin,0,4,0%,70
aave to bnb exchange,0,4,0%,70.25
клики за wmz,0,4,0%,70.5
swap btc to bsv,0,4,0%,71.25
dash to btc converter,0,4,0%,71.5
монобанк на erc20,0,4,0%,71.5
обмен приват 24 на биткоин,0,4,0%,72.25
exchange bsv to usdt20,0,4,0%,73
aave to bnbbsc,0,4,0%,73.5
convert dash to btc,0,4,0%,74.5
exchange dot to usdt20,0,4,0%,74.5
usdt-bep20,0,4,0%,74.75
криптовалюта курс на сегодня в рублях график,0,4,0%,74.75
bitcoin btc на приват24 uah,0,4,0%,76.25
bitcoin на приват24 uah,0,4,0%,76.25
convert dash to bitcoin,0,4,0%,76.75
exchange xmr to usdt polygon,0,4,0%,77
usdt polygon,0,4,0%,77
амл проверка,0,4,0%,78
buy dash using eur online,0,4,0%,78.25
usdt vs,0,4,0%,78.25
buy monero cash,0,4,0%,80.5
курсы криптовалют в реальном времени к доллару,0,4,0%,81.5
bitcoin to dash,0,4,0%,82.25
swap xtz to usdt20,0,4,0%,82.5
where to buy bsv token,0,4,0%,82.5
convert bsv to usdtrx,0,4,0%,86
dot to usdt20 exchange,0,4,0%,86
манера криптовалюта,0,4,0%,86
bitcoin sv buy,0,4,0%,90
usdt20 to bnbbsc,0,4,0%,90.75
where can i buy xrm,0,4,0%,90.75
usdt to rub bestchange,0,3,0%,6.67
bestchange alipay,0,3,0%,7.33
uscard,0,3,0%,15
вывести tether usdt erc20 в евро москва,0,3,0%,16.33
paypal exchanger,0,3,0%,17
tx check,0,3,0%,18
обмен usdc bep20 на наличные,0,3,0%,18
вывод usdt erc20 в евро москва,0,3,0%,18.67
рсхб private banking,0,3,0%,19.33
filecoin криптовалюта,0,3,0%,20
curs mastercard,0,3,0%,21
ισοτιμια cardano,0,3,0%,21
revolut kurs funta,0,3,0%,21.67
cardano цена,0,3,0%,22
skrill usd,0,3,0%,23
обменять usd на trc20,0,3,0%,23
erc20 на skrill usd,0,3,0%,24.67
skrill usd на erc20,0,3,0%,24.67
dash currency price,0,3,0%,25.33
chainlink kurs,0,3,0%,26
купить cardano,0,3,0%,26
где купить iota криптовалюту,0,3,0%,26.33
solana cena,0,3,0%,26.67
transferwise rates,0,3,0%,26.67
kurs funta revolut,0,3,0%,27.67
qiwi bitcoin,0,3,0%,28
exchange rate visa,0,3,0%,28.33
обмен usdc bep20 на bitcoin,0,3,0%,28.33
solana курс,0,3,0%,28.67
обмен ethereum на usdt erc20,0,3,0%,28.67
paypal converter,0,3,0%,29
paypal libra,0,3,0%,30.33
обналичить tether usdt erc20 в евро москва,0,3,0%,30.33
paytm в россии,0,3,0%,31.33
paypal euro,0,3,0%,32
usdt bep20 exchange,0,3,0%,32.33
paypal currency exchange,0,3,0%,32.67
moneygo qiwi,0,3,0%,33
купить криптовалюту iota,0,3,0%,34
курс євро монобанк,0,3,0%,34.33
cardano currency exchange,0,3,0%,34.67
dash to euro,0,3,0%,35
ria money transfer rate,0,3,0%,35.33
приват24 на tether erc20 usdt,0,3,0%,35.33
revolut wechselkurs,0,3,0%,36.33
wise conversion rate,0,3,0%,36.33
wise currency converter,0,3,0%,36.67
обналичить erc20 в евро москва,0,3,0%,37.33
обмен usdt erc20 сбербанк,0,3,0%,38
ria rate,0,3,0%,39
filecoin kurs,0,3,0%,39.67
paypal exchange rate aud to usd,0,3,0%,39.67
euro kurs visa,0,3,0%,40
skrill exchange rate usd to pkr today,0,3,0%,41.33
paypal gbp to usd,0,3,0%,41.67
paypal to monobank,0,3,0%,41.67
mastercard valutakurs,0,3,0%,42
графики стоимости криптовалют,0,3,0%,42
обмен биткойн,0,3,0%,42
visa kursy walut,0,3,0%,42.33
вывод монобанк uah на tether erc20,0,3,0%,42.33
перевести usdt erc20 в евро москва,0,3,0%,42.33
from payoneer to wise,0,3,0%,42.67
how to convert btc to rvn,0,3,0%,43
notcoin продать,0,3,0%,43.33
skrill money transfer exchange rate,0,3,0%,43.33
paypal exchange rate gbp to usd,0,3,0%,43.67
kaspi usd,0,3,0%,44
втб курс онлайн,0,3,0%,44
skrill exchange rate,0,3,0%,44.33
обмен наличные aed на usdt,0,3,0%,44.33
io money,0,3,0%,45
mastercard currency rate,0,3,0%,45.33
обмен монобанк на tether erc20 usdt,0,3,0%,47
webmoney обмен wmz на wmu,0,3,0%,47.33
bat eth,0,3,0%,47.67
paypal usd to gbp,0,3,0%,47.67
paypal exchange rate usd to gbp,0,3,0%,48
usdc matic to usdt ton,0,3,0%,48
курс белорусского рубля по карте мир тинькофф,0,3,0%,48
соотношение биткоина к биткоину,0,3,0%,48
1 wmz в рублях,0,3,0%,48.33
xrp exchange rate,0,3,0%,48.33
busd to eur,0,3,0%,48.67
raiffeisen polbank kursy walut,0,3,0%,49
каспи банк курс валют,0,3,0%,49
monero to paypal,0,3,0%,49.33
btc тинькофф,0,3,0%,49.67
dashcoin to usd,0,3,0%,49.67
wise to usdt,0,3,0%,49.67
halyk usd kzt,0,3,0%,50
курс валют тинькофф,0,3,0%,50
kurs dolara paypal,0,3,0%,50.33
btc to rvn,0,3,0%,50.67
cardano converter,0,3,0%,51
cardano currency,0,3,0%,51
динамика курса криптовалют,0,3,0%,51.67
btc to rvn converter,0,3,0%,52.33
курс пумб,0,3,0%,53
cryptocurrency euro,0,3,0%,53.33
dash криптовалюта,0,3,0%,53.33
usdc trc,0,3,0%,53.67
kurs iota,0,3,0%,54.33
buy uniswap,0,3,0%,55
эфир в юсдт,0,3,0%,56
скрил,0,3,0%,57
dai to eur,0,3,0%,57.33
monobank usdt,0,3,0%,57.33
dsh криптовалюта,0,3,0%,57.67
xrp price exchange,0,3,0%,57.67
bnb vs btc,0,3,0%,58.67
cardano курс,0,3,0%,58.67
kyc check,0,3,0%,58.67
bank card rate,0,3,0%,59
exchange bsv to usdtbsc,0,3,0%,59.33
payoneer rate,0,3,0%,59.33
sell ravencoin,0,3,0%,60
вивести пумб на erc20,0,3,0%,60.67
bitcoin sv,0,3,0%,61
обміняти монобанк на tether trc20 usdt,0,3,0%,61
криптовалюта yota,0,3,0%,61.33
buy euros with paypal,0,3,0%,62
dash to bitcoin,0,3,0%,64
waves exchange,0,3,0%,64
usdt vs usdt trc20,0,3,0%,64.33
difference between usdt and btc,0,3,0%,64.67
зек криптовалюта,0,3,0%,65
usdt vs bitcoin,0,3,0%,65.33
обмін tether trc20 usdt на монобанк usd,0,3,0%,65.67
btc vs eth market cap,0,3,0%,66.33
is usdt eth,0,3,0%,66.33
swap aave to bnb,0,3,0%,66.67
where to buy usdt bep20,0,3,0%,67
сбербанк курс валют,0,3,0%,67.33
yo money,0,3,0%,67.67
usdt20 to xtz,0,3,0%,68
polygon usdt,0,3,0%,68.33
exchange dash to eth,0,3,0%,69.67
sol exchange,0,3,0%,70
обмен xrp на рубли,0,3,0%,70
обміняти монобанк на tether erc20 usdt,0,3,0%,70
как пополнить глобал 24,0,3,0%,70.67
проверка амл,0,3,0%,71.33
btc to usdtpolygon,0,3,0%,72
paypal rates uk,0,3,0%,72.33
usdc arb to sol,0,3,0%,72.33
usdt or bitcoin,0,3,0%,73.33
bitobmen privat24,0,3,0%,74
dash currency,0,3,0%,74.33
эфириум на монобанк uah,0,3,0%,74.67
проверка aml,0,3,0%,75
tether vs usdt,0,3,0%,75.67
algo to dai,0,3,0%,76.33
btc обмен приват 24,0,3,0%,76.33
btc to usdt bep20,0,3,0%,77
convert xmr to usdt polygon,0,3,0%,78.33
aml,0,3,0%,79.33
convert aave to usdt20,0,3,0%,80
обмен крипты на доллары,0,3,0%,81.33
iota coin,0,3,0%,83.67
where can i buy bsv coin,0,3,0%,84.67
kyc services,0,3,0%,85.67
tether vs btc,0,3,0%,85.67
monero coin buy,0,3,0%,87
dash to btc exchange,0,3,0%,87.33
bsv coin buy,0,3,0%,90.67
купить монеро,0,3,0%,91
convert dash to usdt20,0,3,0%,91.33
kyc,0,3,0%,93.33
что такое kyc,0,3,0%,94.67
payment via sbp,0,2,0%,4.5
best change rub usdt,0,2,0%,6.5
best change usdt rub,0,2,0%,7
terra tron,0,2,0%,7
1.06 usd,0,2,0%,8
solrates,0,2,0%,8
bestchange usdt rub курс,0,2,0%,9
jazzcash usd to pkr rate,0,2,0%,10
qiwi usd на приват24,0,2,0%,10
обмен киви на usdt,0,2,0%,13
vet криптовалюта,0,2,0%,17
wise rates,0,2,0%,17.5
revolut kursas,0,2,0%,18
обмен usdc bep20 на gram,0,2,0%,19
openbank currency exchange,0,2,0%,19.5
visa exchange rate calculator pln uah,0,2,0%,19.5
kurs funta transferwise,0,2,0%,20
ьщтун пкфь,0,2,0%,20
обмен наличных eur на usdt trc20,0,2,0%,22.5
chainlink exchange,0,2,0%,23
erc20 на wise usd,0,2,0%,25
how to exchange bitcoin,0,2,0%,25
solana verte,0,2,0%,25
обмен usdt trc20 на карту,0,2,0%,25
ซื้อขาย skrill,0,2,0%,25
втб usdt,0,2,0%,26
курс солана,0,2,0%,26
обмен usdt bep20,0,2,0%,26
ont to eur,0,2,0%,27
shiba inu contract address bep20,0,2,0%,27
wise rate,0,2,0%,27
курс usdt tron,0,2,0%,27
ethereum classic kurs euro,0,2,0%,27.5
moneygo,0,2,0%,27.5
обмен ethereum на tether erc20 (xaut),0,2,0%,27.5
xrp preis,0,2,0%,28
обменять наличные евро на тонкойн,0,2,0%,28
ria wechselkurse,0,2,0%,28.5
биткоин обмен,0,2,0%,28.5
обмен eth на qiwi,0,2,0%,28.5
пайсера,0,2,0%,28.5
paypal euro árfolyam,0,2,0%,29
wise обмен валют,0,2,0%,29
купить криптовалюту втб,0,2,0%,29
обмен usdc erc20 на ethereum,0,2,0%,29
обмен биткоина,0,2,0%,29
paypal currency rate,0,2,0%,29.5
usdt uah p2p,0,2,0%,29.5
обмен ethereum на usdc bep20,0,2,0%,29.5
обменник киви на биткоин,0,2,0%,29.5
цшыу,0,2,0%,29.5
skrill dollar rate,0,2,0%,30
курс монобанк,0,2,0%,30
курс нот коин,0,2,0%,30
cardano to euro,0,2,0%,30.5
visa card rate,0,2,0%,30.5
обмен tether на карту,0,2,0%,31
online ria,0,2,0%,32
revolut usd,0,2,0%,32
ria rate today euro,0,2,0%,32
växelkurs mastercard,0,2,0%,32
bank avangard,0,2,0%,32.5
paypal currency exchange rate,0,2,0%,32.5
солана курс,0,2,0%,32.5
moneygram quote,0,2,0%,33.5
paypal currency exchange rates,0,2,0%,34
revolut dollars,0,2,0%,34
ria kurs,0,2,0%,34
t ru,0,2,0%,34
курс сенс банк,0,2,0%,34
обмін валют а банк,0,2,0%,34
россельхозбанк купить доллары,0,2,0%,34
etc currency,0,2,0%,34.5
ethereum обменять,0,2,0%,34.5
как купить bitcoin cash,0,2,0%,34.5
росбанк обмен валюты,0,2,0%,34.5
курс валют россельхозбанк,0,2,0%,35
payoneer card uae,0,2,0%,35.5
ripple currency price,0,2,0%,35.5
vtb bank,0,2,0%,35.5
монобанк курс валют,0,2,0%,35.5
avangard bank,0,2,0%,36
revolut kurz,0,2,0%,36
ria exchange,0,2,0%,36
skrill usd to inr,0,2,0%,36
курс евро россельхозбанк,0,2,0%,36
btc eth,0,2,0%,37
mastercard växlingskurs,0,2,0%,37.5
курс polkadot,0,2,0%,37.5
капиталист курс рубля,0,2,0%,38
ravencoin to usd,0,2,0%,38.5
paypal exchange rate euro to aud,0,2,0%,39
uah/usdt,0,2,0%,39
what is txid in crypto,0,2,0%,39
обмен монобанк uah на tether erc20,0,2,0%,39
kurs walut visa,0,2,0%,39.5
paypal dollar rate,0,2,0%,39.5
отп банк курс валют,0,2,0%,39.5
payoneer revolut,0,2,0%,40
visa euro rate,0,2,0%,40
вывод монобанк uah на tether erc20 usdt,0,2,0%,40.5
каспи курс,0,2,0%,40.5
mastercard euro exchange rate,0,2,0%,41
обмен qiwi на bitcoin,0,2,0%,41
перевод usdt erc20 в евро москва,0,2,0%,41
доллар к тенге каспи,0,2,0%,41.5
курс євро укрсиббанк,0,2,0%,41.5
eth to usdt20,0,2,0%,42
exchange bsv to usdt bsc,0,2,0%,42
how to transfer btc to rvn,0,2,0%,42
paypal gbp to aud,0,2,0%,42
paypal kurs euro,0,2,0%,42
графики криптовалют за неделю,0,2,0%,42
курс белорусского рубля по карте мир втб,0,2,0%,42
обмен монобанк uah на tether erc20 usdt,0,2,0%,42
bep20 usdt price,0,2,0%,42.5
revolut kurz euro,0,2,0%,42.5
mastercard foreign exchange rate,0,2,0%,43
moneygram currency converter rate,0,2,0%,43
btc to rvn conversion,0,2,0%,43.5
paypal usd to euro,0,2,0%,43.5
курс долара укрсиббанк,0,2,0%,43.5
paypal usd to eur,0,2,0%,44
iota kurz,0,2,0%,45
mastercard conversion rate,0,2,0%,45
mastercard euro,0,2,0%,45
payoneer to revolut,0,2,0%,45
paypal conversion rates,0,2,0%,45
bitcoin to paysera,0,2,0%,45.5
россельхозбанк курс евро,0,2,0%,45.5
xrp valuta,0,2,0%,46
курс валют а банк,0,2,0%,46
обмен биткоин онлайн,0,2,0%,46
обменник,0,2,0%,46
paypal conversion,0,2,0%,46.5
usd to gbp paypal,0,2,0%,46.5
курс доллара укрсиббанк,0,2,0%,46.5
курс тинькофф,0,2,0%,46.5
mastercard exchange rate euro,0,2,0%,47
skrill price,0,2,0%,47
iota euro,0,2,0%,47.5
mastercard worldwide exchange rate,0,2,0%,47.5
qiwi pricing,0,2,0%,47.5
usdc bep20,0,2,0%,47.5
обмен монобанк uah на erc20,0,2,0%,47.5
отп курс евро,0,2,0%,47.5
dollar to pound paypal,0,2,0%,48
tx id crypto,0,2,0%,48
курс icp,0,2,0%,48
dollars to pounds paypal,0,2,0%,48.5
payoneer ach transfer,0,2,0%,48.5
xrp,0,2,0%,48.5
купить neo криптовалюта,0,2,0%,48.5
dash us dollar,0,2,0%,49
icp курс,0,2,0%,49
p2p обменник,0,2,0%,49
xmr to paypal,0,2,0%,49
обмен litecoin,0,2,0%,49
россельхозбанк воронеж курс валют,0,2,0%,49
kursy walut visa,0,2,0%,49.5
sell rvn for cash,0,2,0%,49.5
sol bitcoin exchange,0,2,0%,49.5
tinkoff курс валют,0,2,0%,49.5
cash pln,0,2,0%,50
etc to eur,0,2,0%,50
paypal kurs dolara,0,2,0%,50
swap ravencoin,0,2,0%,50
euro dollar paypal,0,2,0%,50.5
mastercard euro rate,0,2,0%,50.5
usdt bep20 price,0,2,0%,50.5
euro mastercard,0,2,0%,51
iota kurs usd,0,2,0%,51
litecoin to cardano,0,2,0%,51
monobank to payeer,0,2,0%,51
paypal eur usd,0,2,0%,51
exchange usdt20 to sui,0,2,0%,51.5
ьнашт,0,2,0%,51.5
tether usdt erc20 vs trc20,0,2,0%,52
xmr to zen,0,2,0%,52.5
gc currency,0,2,0%,53.5
eos kurs,0,2,0%,54.5
калькулятор валют сбербанк,0,2,0%,54.5
kurs raiffeisen,0,2,0%,55
payoneer на монобанк,0,2,0%,55
где купить bitcoin cash,0,2,0%,55.5
продати tether trc20 за монобанк usd,0,2,0%,55.5
qiwi payment,0,2,0%,56
la carte bitcoin,0,2,0%,56.5
payoneer sepa,0,2,0%,56.5
обмен trc20 на монобанк usd,0,2,0%,56.5
продати tether trc20 usdt за монобанк usd,0,2,0%,56.5
convert paypal to usdt,0,2,0%,57
today paypal dollar rate,0,2,0%,57
курс валют пумб,0,2,0%,57
btc to rvn exchange,0,2,0%,57.5
btc vs btc,0,2,0%,57.5
глобалмани,0,2,0%,57.5
how to buy bitcoin with easypaisa,0,2,0%,58
купить usdt монобанк,0,2,0%,58
payoneer калькулятор,0,2,0%,58.5
rmb debit card,0,2,0%,58.5
обмен trc20 монобанк usd,0,2,0%,58.5
btc and eth,0,2,0%,59
usd erc20,0,2,0%,59
комерційний курс пумб,0,2,0%,59
райффайзенбанк курсы валют,0,2,0%,59
dash transaction fee,0,2,0%,59.5
dash цена,0,2,0%,59.5
eth vs,0,2,0%,59.5
eth vs btc price,0,2,0%,59.5
solana exchange rate,0,2,0%,59.5
what is btc usdt,0,2,0%,59.5
обмен tether trc20 монобанк usd,0,2,0%,59.5
продати tether erc20 usdt за монобанк,0,2,0%,59.5
bnb to usdt trc20,0,2,0%,60
exchange xmr to pyusd,0,2,0%,60
втб курс конвертации,0,2,0%,60
iota cryptocurrency price,0,2,0%,60.5
trc20 usdt price,0,2,0%,60.5
trc20 vs usdt,0,2,0%,60.5
вывод монобанк на tether erc20,0,2,0%,60.5
обмін tether erc20 usdt на монобанк usd,0,2,0%,60.5
обмін tether trc20 монобанк usd,0,2,0%,60.5
trc20-usdt price,0,2,0%,61
what is tether usdt erc20,0,2,0%,61
вывод монобанк uah на erc20,0,2,0%,61
курс dash,0,2,0%,61
обмін trc20 монобанк usd,0,2,0%,61
buy xmr paypal,0,2,0%,61.5
waves crypto,0,2,0%,61.5
wise bitcoin,0,2,0%,61.5
обмен erc20 на монобанк,0,2,0%,61.5
обмен tether trc20 на монобанк usd,0,2,0%,61.5
usdt монобанк,0,2,0%,62
обмін trc20 на монобанк usd,0,2,0%,62
bic/swift monobank,0,2,0%,62.5
binance coin tether,0,2,0%,62.5
"c,th rehc",0,2,0%,62.5
dai valuta,0,2,0%,62.5
обмен tether trc20 usdt на монобанк usd,0,2,0%,62.5
ethereum eth на приват24 uah,0,2,0%,63
how much does a bank card cost,0,2,0%,63
ubank exchange rates,0,2,0%,63
usdt trc20 rate,0,2,0%,63
обмен монобанк на tether trc20 usdt,0,2,0%,63
обміняти монобанк uah на erc20,0,2,0%,63
ethereum vs bitcoin price,0,2,0%,63.5
payoneer монобанк,0,2,0%,63.5
usdt trc20 mixer,0,2,0%,63.5
aml crypto,0,2,0%,64
bnb to aave,0,2,0%,64
convert bnb to aave,0,2,0%,64
solana to paypal,0,2,0%,64
обмен монобанк на tether trc20,0,2,0%,64
обміняти монобанк uah на tether erc20,0,2,0%,64
paypal to usdt,0,2,0%,64.5
tesco credit card euro exchange rate,0,2,0%,64.5
btc iota,0,2,0%,65
optimism exchange,0,2,0%,65
usdt or btc which is better,0,2,0%,65
usdt vs bnb,0,2,0%,65
вывод tether erc20 usdt на монобанк,0,2,0%,65
продати trc20 за монобанк usd,0,2,0%,65
300 wmz в рублях,0,2,0%,65.5
bep20 to usdt,0,2,0%,66
usdt depeg today,0,2,0%,66
обмін tether erc20 монобанк usd,0,2,0%,66
продать tether trc20 за монобанк usd,0,2,0%,66
usdt20 to aave,0,2,0%,67
валута cardano,0,2,0%,67
обмен приват24 на tether,0,2,0%,67
продати tether erc20 usdt за монобанк usd,0,2,0%,67
сбербанк курсы валют,0,2,0%,67