Популярные страницы,Kлики,Показы,CTR,Позиция
https://ratescout.ru/en/valuta/yoomoney/,3,98,3.06%,39.36
https://ratescout.ru/,2,54,3.7%,36.67
https://ratescout.ru/en/obmen/cash-ruble-tether-trc20/,1,125,0.8%,8.91
https://ratescout.ru/en/valuta/binance-coin/,1,46,2.17%,63.91
https://ratescout.ru/en/blog/kak-proverit-tranzakciyu-txid/,1,37,2.7%,58.81
https://ratescout.ru/valuta/wire-usd/,1,35,2.86%,67.2
https://ratescout.ru/en/valuta/paysera-euro/,1,18,5.56%,45.72
https://ratescout.ru/obmen/tether-trc20-sberbank-qr-code/,1,17,5.88%,58.71
https://ratescout.ru/en/valuta/moneygo/,1,16,6.25%,36.81
https://ratescout.ru/en/valuta/advanced-cash-rub/,1,11,9.09%,26.91
https://ratescout.ru/en/kupit/skrill-euro/,1,10,10%,53
https://ratescout.ru/en/obmen/kaspi-bank-tether-trc20/,1,9,11.11%,6.67
https://ratescout.ru/en/obmen/paypal-usd-tether-trc20/,1,9,11.11%,64.78
https://ratescout.ru/valuta/internet-computer/,1,8,12.5%,25.5
https://ratescout.ru/en/valuta/capitalist/,1,8,12.5%,36.25
https://ratescout.ru/valuta/trump/,1,5,20%,29
https://ratescout.ru/en/obmen/ethereum-visa-mastercard-euro/,1,4,25%,58.25
https://ratescout.ru/obmen/sbp-tether-erc20/,1,4,25%,59.75
https://ratescout.ru/obmen/polygon-kaspi-bank/,1,3,33.33%,10
https://ratescout.ru/en/obmen/capitalist-solana/,1,3,33.33%,27.67
https://ratescout.ru/obmen/tether-bep20-visa-mastercard-euro/,1,2,50%,8
https://ratescout.ru/obmen/advanced-cash-sbp/,1,2,50%,14.5
https://ratescout.ru/obmen/tether-ton-yoomoney/,1,2,50%,18
https://ratescout.ru/obmen/raiffeisen-bank-freedom-bank/,1,1,100%,6
https://ratescout.ru/en/valuta/sberbank-qr-code/,1,1,100%,11
https://ratescout.ru/obmen/visa-mastercard-euro-tether-bep20/,1,1,100%,11
https://ratescout.ru/obmen/tether-trc20-visa-mastercard-uah/,0,437,0%,69.73
https://ratescout.ru/en/valuta/tether-bep20/,0,397,0%,67.82
https://ratescout.ru/en/valuta/iota/,0,233,0%,57.85
https://ratescout.ru/en/valuta/paypal-euro/,0,220,0%,43.44
https://ratescout.ru/en/blog/chto-takoe-aml-proverka/,0,218,0%,75.8
https://ratescout.ru/en/valuta/dash/,0,209,0%,53.72
https://ratescout.ru/en/valuta/ravencoin/,0,205,0%,50.41
https://ratescout.ru/grafiki/,0,197,0%,62.42
https://ratescout.ru/valuta/visa-mastercard-uah/,0,197,0%,68.49
https://ratescout.ru/en/valuta/paypal-gbp/,0,194,0%,46.73
https://ratescout.ru/valuta/ripple/,0,188,0%,60.28
https://ratescout.ru/valuta/xaut-erc20/,0,182,0%,18.04
https://ratescout.ru/en/valuta/visa-mastercard-usd/,0,179,0%,48.66
https://ratescout.ru/en/valuta/solana/,0,170,0%,45.55
https://ratescout.ru/obmen/pumb-tether-erc20/,0,170,0%,52.38
https://ratescout.ru/en/kupit/nem/,0,162,0%,69.27
https://ratescout.ru/en/sravnenie/bitcoin-ln-vs-tether-trc20/,0,149,0%,67.48
https://ratescout.ru/obmen/monobank-tether-erc20/,0,143,0%,60.64
https://ratescout.ru/en/valuta/ripple/,0,141,0%,56.54
https://ratescout.ru/en/valuta/tether-polygon/,0,139,0%,65.99
https://ratescout.ru/valuta/bitcoin/,0,138,0%,51.67
https://ratescout.ru/en/valuta/cardano/,0,135,0%,55.43
https://ratescout.ru/en/valuta/waves/,0,127,0%,45.47
https://ratescout.ru/valuta/tether-trc20/,0,127,0%,59.72
https://ratescout.ru/valuta/wmz/,0,117,0%,40.19
https://ratescout.ru/obmen/tether-erc20-monobank/,0,113,0%,64.36
https://ratescout.ru/valuta/ukrsibbank/,0,104,0%,38.97
https://ratescout.ru/en/valuta/visa-mastercard-euro/,0,104,0%,48.99
https://ratescout.ru/valuta/wire-uah/,0,100,0%,65.83
https://ratescout.ru/valuta/usd-coin/,0,98,0%,44.43
https://ratescout.ru/en/obmen/tinkoff-tether-trc20/,0,94,0%,31.77
https://ratescout.ru/en/sravnenie/bitcoin-vs-tether-trc20/,0,91,0%,62.1
https://ratescout.ru/valuta/rosselhozbank/,0,90,0%,36.21
https://ratescout.ru/valuta/tinkoff/,0,84,0%,40.46
https://ratescout.ru/slovar/kyc/,0,83,0%,87.78
https://ratescout.ru/valuta/qiwi-kzt/,0,81,0%,32.05
https://ratescout.ru/en/valuta/skrill/,0,80,0%,42.24
https://ratescout.ru/valuta/privat24-usd/,0,79,0%,62.3
https://ratescout.ru/obmen/xaut-erc20-tether-bep20/,0,78,0%,22.54
https://ratescout.ru/obmen/privat24-uah-bitcoin/,0,75,0%,72.88
https://ratescout.ru/en/valuta/paypal-aud/,0,71,0%,54.48
https://ratescout.ru/en/sravnenie/bitcoin-vs-ethereum-optimism/,0,71,0%,70.13
https://ratescout.ru/kupit/iota/,0,66,0%,30.08
https://ratescout.ru/valuta/ton/,0,65,0%,24.29
https://ratescout.ru/en/,0,62,0%,45.73
https://ratescout.ru/valuta/vtb/,0,62,0%,46.31
https://ratescout.ru/obmen/tether-trc20-sberbank/,0,62,0%,65.39
https://ratescout.ru/en/sravnenie/bitcoin-vs-tether-bep20/,0,61,0%,71
https://ratescout.ru/valuta/dash/,0,59,0%,60.58
https://ratescout.ru/obzor/sutki/,0,59,0%,68.92
https://ratescout.ru/en/sravnenie/bitcoin-ln-vs-tether-erc20/,0,59,0%,72.07
https://ratescout.ru/valuta/visa-mastercard-euro/,0,58,0%,73.38
https://ratescout.ru/en/sravnenie/bitcoin-vs-tether-optimism/,0,57,0%,65.95
https://ratescout.ru/obmen/binance-coin-aave/,0,57,0%,71.44
https://ratescout.ru/en/obmen/sbp-tether-trc20/,0,55,0%,9.87
https://ratescout.ru/en/valuta/payoneer/,0,55,0%,55.96
https://ratescout.ru/en/sravnenie/bitcoin-ln-vs-tether-ton/,0,55,0%,76.87
https://ratescout.ru/valuta/wise/,0,54,0%,36.93
https://ratescout.ru/obmen/monobank-usd-tether-trc20/,0,53,0%,61.08
https://ratescout.ru/obmen/ethereum-visa-mastercard-uah/,0,53,0%,69.26
https://ratescout.ru/en/valuta/visa-mastercard-uah/,0,52,0%,62.19
https://ratescout.ru/en/kupit/monero/,0,52,0%,77.12
https://ratescout.ru/valuta/nem/,0,51,0%,39.37
https://ratescout.ru/en/valuta/skrill-euro/,0,51,0%,42.84
https://ratescout.ru/en/sravnenie/bitcoin-ln-vs-ethereum/,0,50,0%,74.36
https://ratescout.ru/en/sravnenie/bitcoin-ln-vs-tether-optimism/,0,50,0%,81.06
https://ratescout.ru/en/valuta/visa-mastercard-pln/,0,49,0%,41.84
https://ratescout.ru/en/valuta/zelle/,0,49,0%,54.47
https://ratescout.ru/na/sberbank/,0,46,0%,65.87
https://ratescout.ru/en/valuta/ethereum-arbitrum/,0,45,0%,62.53
https://ratescout.ru/en/sravnenie/tether-trc20-vs-tether-erc20/,0,43,0%,62.49
https://ratescout.ru/valuta/monobank-euro/,0,42,0%,44.98
https://ratescout.ru/obmen/tether-trc20-tinkoff/,0,42,0%,64.24
https://ratescout.ru/en/sravnenie/bitcoin-ln-vs-tether-bep20/,0,42,0%,69.64
https://ratescout.ru/valuta/eos/,0,41,0%,49
https://ratescout.ru/en/valuta/ethereum/,0,41,0%,64.54
https://ratescout.ru/en/valuta/visa-mastercard-rub/,0,40,0%,48.3
https://ratescout.ru/en/valuta/dirham/,0,40,0%,75.15
https://ratescout.ru/slovar/aml/,0,40,0%,77.95
https://ratescout.ru/obmen/ripple-euro-cash/,0,39,0%,62.79
https://ratescout.ru/en/sravnenie/ethereum-vs-tether-trc20/,0,38,0%,63.74
https://ratescout.ru/obmen/algorand-litecoin/,0,38,0%,66.55
https://ratescout.ru/en/sravnenie/,0,38,0%,75.55
https://ratescout.ru/valuta/usd-coin-bep20/,0,37,0%,38.95
https://ratescout.ru/en/obmen/paypal-usd-litecoin/,0,36,0%,64.03
https://ratescout.ru/valuta/visa-mastercard-pln/,0,36,0%,67.11
https://ratescout.ru/obmen/aave-binance-coin/,0,36,0%,70.42
https://ratescout.ru/en/kupit/bitcoin-sv/,0,36,0%,81.25
https://ratescout.ru/valuta/revolut-euro/,0,35,0%,35.34
https://ratescout.ru/en/valuta/ethereum-classic/,0,35,0%,55.37
https://ratescout.ru/kupit/ton/,0,35,0%,55.6
https://ratescout.ru/obmen/polkadot-tether-trc20/,0,35,0%,68.74
https://ratescout.ru/valuta/payoneer/,0,34,0%,59.74
https://ratescout.ru/en/valuta/bitcoin-sv/,0,34,0%,62.44
https://ratescout.ru/en/obmen/tether-trc20-paypal-usd/,0,34,0%,65.62
https://ratescout.ru/en/valuta/visa-mastercard-cad/,0,34,0%,67.29
https://ratescout.ru/slovar/obmennik/,0,33,0%,12.76
https://ratescout.ru/en/valuta/paysera/,0,33,0%,49.09
https://ratescout.ru/en/valuta/sui/,0,33,0%,61.33
https://ratescout.ru/en/valuta/pancakeswap/,0,33,0%,62.67
https://ratescout.ru/obmen/tether-erc20-wire-euro/,0,32,0%,31.88
https://ratescout.ru/obmen/algorand-tron/,0,32,0%,71.09
https://ratescout.ru/obmen/rosselhozbank-visa-mastercard-euro/,0,31,0%,11.9
https://ratescout.ru/obmen/xaut-erc20-ton/,0,31,0%,19.74
https://ratescout.ru/en/valuta/global24/,0,31,0%,55.03
https://ratescout.ru/en/valuta/usd-coin/,0,31,0%,60.29
https://ratescout.ru/valuta/bitcoin-sv/,0,31,0%,66.61
https://ratescout.ru/valuta/trade-euro/,0,31,0%,68.77
https://ratescout.ru/en/valuta/wise-gbp/,0,30,0%,30.97
https://ratescout.ru/valuta/waves/,0,30,0%,54.57
https://ratescout.ru/en/valuta/near/,0,30,0%,59
https://ratescout.ru/obmen/monobank-tether-sol/,0,30,0%,60.23
https://ratescout.ru/valuta/visa-mastercard-kzt/,0,30,0%,69.37
https://ratescout.ru/obmen/usd-coin-bep20-tron/,0,29,0%,21.59
https://ratescout.ru/en/valuta/payoneer-euro/,0,29,0%,60.34
https://ratescout.ru/obmen/payoneer-monobank/,0,29,0%,70.34
https://ratescout.ru/valuta/privat24-euro/,0,29,0%,70.83
https://ratescout.ru/valuta/yearn-finance/,0,29,0%,71.24
https://ratescout.ru/valuta/ria-euro/,0,28,0%,33.07
https://ratescout.ru/obmen/usd-coin-sberbank/,0,28,0%,44.11
https://ratescout.ru/valuta/ethereum-classic/,0,28,0%,48.68
https://ratescout.ru/valuta/visa-mastercard-usd/,0,28,0%,66.14
https://ratescout.ru/valuta/visa-mastercard-amd/,0,28,0%,81.25
https://ratescout.ru/en/valuta/chainlink/,0,27,0%,54.44
https://ratescout.ru/en/valuta/polkadot/,0,27,0%,66.56
https://ratescout.ru/kupit/litecoin/,0,27,0%,67.78
https://ratescout.ru/valuta/visa-mastercard-gbp/,0,27,0%,78.37
https://ratescout.ru/en/valuta/revolut-euro/,0,26,0%,29
https://ratescout.ru/en/kupit/ripple/,0,26,0%,72.85
https://ratescout.ru/en/sravnenie/tether-trc20-vs-binance-coin/,0,26,0%,72.92
https://ratescout.ru/en/valuta/verge/,0,25,0%,46.92
https://ratescout.ru/slovar/set-blockchain/,0,25,0%,59
https://ratescout.ru/en/valuta/bitcoin-bep20/,0,25,0%,64
https://ratescout.ru/blog/chto-takoe-aml-proverka/,0,25,0%,75.56
https://ratescout.ru/en/sravnenie/ethereum-vs-tether/,0,25,0%,76.12
https://ratescout.ru/en/valuta/revolut-gbp/,0,24,0%,27.04
https://ratescout.ru/valuta/kaspi-bank/,0,24,0%,41.17
https://ratescout.ru/en/sravnenie/ethereum-vs-tether-erc20/,0,24,0%,70.58
https://ratescout.ru/en/valuta/moneygram/,0,23,0%,35.39
https://ratescout.ru/valuta/otpbank-uah/,0,23,0%,38.78
https://ratescout.ru/valuta/monero/,0,23,0%,41.43
https://ratescout.ru/obmen/payoneer-euro-monobank/,0,23,0%,49.91
https://ratescout.ru/valuta/raiffeisen-bank-uah/,0,23,0%,52.91
https://ratescout.ru/en/kupit/pax-dollar/,0,23,0%,57.04
https://ratescout.ru/obmen/tether-trc20-visa-mastercard-euro/,0,23,0%,58.09
https://ratescout.ru/en/sravnenie/bitcoin-vs-tether/,0,23,0%,68.04
https://ratescout.ru/en/sravnenie/bitcoin-vs-bitcoin-ln/,0,23,0%,70.57
https://ratescout.ru/en/kupit/tether-avax/,0,23,0%,77.3
https://ratescout.ru/obmen/litecoin-xaut-erc20/,0,22,0%,21.45
https://ratescout.ru/obmen/privat24-uah-tether-erc20/,0,22,0%,46.86
https://ratescout.ru/valuta/paysera/,0,22,0%,51.09
https://ratescout.ru/obmen/visa-mastercard-uah-tether-trc20/,0,22,0%,53
https://ratescout.ru/valuta/alfaclick/,0,22,0%,54.23
https://ratescout.ru/en/obmen/monero-paypal-usd/,0,22,0%,56.95
https://ratescout.ru/valuta/visa-mastercard-thb/,0,22,0%,67.86
https://ratescout.ru/en/blog/bitcoin-vs-usdt/,0,21,0%,16.43
https://ratescout.ru/valuta/tether-ton/,0,21,0%,39.1
https://ratescout.ru/valuta/paysera-euro/,0,21,0%,41.62
https://ratescout.ru/valuta/litecoin/,0,21,0%,48.76
https://ratescout.ru/valuta/bat/,0,21,0%,53.1
https://ratescout.ru/kupit/yoomoney/,0,21,0%,58.67
https://ratescout.ru/valuta/shiba-inu/,0,21,0%,63.43
https://ratescout.ru/en/obmen/paypal-usd-tether-polygon/,0,21,0%,67.52
https://ratescout.ru/slovar/,0,21,0%,69.86
https://ratescout.ru/obmen/ethereum-classic-visa-mastercard-uah/,0,21,0%,76
https://ratescout.ru/en/sravnenie/ethereum-bep20-vs-tether-polygon/,0,21,0%,77.29
https://ratescout.ru/en/slovar/kyc/,0,21,0%,82.33
https://ratescout.ru/valuta/terra/,0,20,0%,44.15
https://ratescout.ru/kupit/ukrsibbank/,0,20,0%,45.6
https://ratescout.ru/en/blog/kak-obmenyat-bitcoin/,0,20,0%,53.9
https://ratescout.ru/obmen/sberbank-bitcoin/,0,20,0%,54.7
https://ratescout.ru/obmen/pumb-usd-coin/,0,20,0%,54.95
https://ratescout.ru/en/sravnenie/bitcoin-vs-tether-ton/,0,20,0%,59.7
https://ratescout.ru/en/valuta/optimism/,0,20,0%,61.55
https://ratescout.ru/en/valuta/dai/,0,20,0%,62.3
https://ratescout.ru/en/valuta/pax-dollar/,0,20,0%,63.6
https://ratescout.ru/en/valuta/ethereum-optimism/,0,20,0%,66.6
https://ratescout.ru/en/obmen/paypal-usd-tether-bep20/,0,20,0%,67.7
https://ratescout.ru/en/sravnenie/bitcoin-ln-vs-ethereum-optimism/,0,20,0%,80.15
https://ratescout.ru/en/kupit/trade-usd/,0,20,0%,82.2
https://ratescout.ru/obmen/algorand-tether-trc20/,0,20,0%,83.85
https://ratescout.ru/en/valuta/pyusd/,0,19,0%,45.37
https://ratescout.ru/valuta/dollar-cash/,0,19,0%,52.42
https://ratescout.ru/en/sravnenie/bitcoin-vs-tether-erc20/,0,19,0%,59.21
https://ratescout.ru/valuta/zcash/,0,19,0%,67.32
https://ratescout.ru/obmen/algorand-stellar/,0,19,0%,72.47
https://ratescout.ru/valuta/visa-mastercard-mdl/,0,19,0%,80.26
https://ratescout.ru/obmen/usd-coin-visa-mastercard-rub/,0,18,0%,27.22
https://ratescout.ru/en/valuta/wise/,0,18,0%,29.11
https://ratescout.ru/en/valuta/ria-euro/,0,18,0%,36.94
https://ratescout.ru/valuta/notcoin/,0,18,0%,41.17
https://ratescout.ru/valuta/raiffeisen-bank/,0,18,0%,49.83
https://ratescout.ru/valuta/vechain/,0,18,0%,50.28
https://ratescout.ru/valuta/skrill/,0,18,0%,50.33
https://ratescout.ru/obmen/litecoin-privat24-uah/,0,18,0%,61.22
https://ratescout.ru/valuta/sberbank/,0,18,0%,67
https://ratescout.ru/valuta/stellar/,0,18,0%,71.56
https://ratescout.ru/en/sravnenie/ethereum-bep20-vs-tether-trc20/,0,18,0%,74.61
https://ratescout.ru/en/sravnenie/ethereum-vs-tether-bep20/,0,18,0%,80
https://ratescout.ru/en/obmen/tether-trc20-cash-ruble/,0,17,0%,7.94
https://ratescout.ru/en/valuta/revolut-usd/,0,17,0%,25.82
https://ratescout.ru/valuta/moneygram-euro/,0,17,0%,35.47
https://ratescout.ru/valuta/abank/,0,17,0%,46.18
https://ratescout.ru/obmen/payoneer-wire-uah/,0,17,0%,54.06
https://ratescout.ru/en/valuta/usd-coin-trc20/,0,17,0%,54.24
https://ratescout.ru/en/obmen/wise-tether-trc20/,0,17,0%,58.24
https://ratescout.ru/obmen/tether-erc20-sberbank/,0,17,0%,67.24
https://ratescout.ru/kupit/cardano/,0,16,0%,23
https://ratescout.ru/valuta/ria-usd/,0,16,0%,37.12
https://ratescout.ru/en/valuta/visa-mastercard-huf/,0,16,0%,67.25
https://ratescout.ru/en/valuta/wire-inr/,0,16,0%,71.75
https://ratescout.ru/obmen/tether-trc20-tezos/,0,16,0%,80.25
https://ratescout.ru/obmen/xaut-erc20-ethereum-arbitrum/,0,15,0%,23.07
https://ratescout.ru/valuta/halykbank/,0,15,0%,38.4
https://ratescout.ru/en/valuta/terra/,0,15,0%,54.07
https://ratescout.ru/blog/komissii-birzh-vs-obmennikov/,0,15,0%,55.07
https://ratescout.ru/obmen/monobank-usd-coin/,0,15,0%,61.27
https://ratescout.ru/en/valuta/visa-mastercard-cny/,0,15,0%,63.53
https://ratescout.ru/en/grafiki/,0,15,0%,66.47
https://ratescout.ru/en/sravnenie/bitcoin-ln-vs-tether-sol/,0,15,0%,68.53
https://ratescout.ru/en/valuta/visa-mastercard-inr/,0,15,0%,68.87
https://ratescout.ru/en/kupit/tether-trc20/,0,15,0%,69.2
https://ratescout.ru/en/sravnenie/bitcoin-vs-tether-arbitrum/,0,15,0%,69.53
https://ratescout.ru/en/sravnenie/bitcoin-vs-ethereum/,0,15,0%,73.6
https://ratescout.ru/valuta/ethereum-optimism/,0,15,0%,77.93
https://ratescout.ru/en/sravnenie/ethereum-vs-tether-sol/,0,15,0%,81.67
https://ratescout.ru/kupit/monero/,0,15,0%,81.87
https://ratescout.ru/obmen/litecoin-usd-coin-bep20/,0,14,0%,22.21
https://ratescout.ru/valuta/usd-coin-trc20/,0,14,0%,22.21
https://ratescout.ru/en/valuta/wmz/,0,14,0%,24.71
https://ratescout.ru/valuta/sense-bank/,0,14,0%,31.43
https://ratescout.ru/valuta/capitalist-euro/,0,14,0%,34.86
https://ratescout.ru/en/valuta/moneygram-euro/,0,14,0%,38.79
https://ratescout.ru/valuta/wire-aud/,0,14,0%,60.36
https://ratescout.ru/en/valuta/bpay-usd/,0,14,0%,62.29
https://ratescout.ru/en/sravnenie/tether-sol-vs-tether-trc20/,0,14,0%,64.57
https://ratescout.ru/obmen/ripple-wire-euro/,0,14,0%,65.21
https://ratescout.ru/en/valuta/trade-euro/,0,14,0%,68
https://ratescout.ru/kupit/visa-mastercard-euro/,0,14,0%,72.64
https://ratescout.ru/obmen/tezos-tether-trc20/,0,14,0%,73.36
https://ratescout.ru/en/obmen/tether-trc20-sberbank/,0,13,0%,8.08
https://ratescout.ru/obmen/xaut-erc20-usdc-near/,0,13,0%,17.92
https://ratescout.ru/valuta/capitalist/,0,13,0%,43.46
https://ratescout.ru/en/kupit/polygon/,0,13,0%,45.23
https://ratescout.ru/en/valuta/visa-mastercard-sek/,0,13,0%,45.23
https://ratescout.ru/en/valuta/visa-mastercard-ngn/,0,13,0%,55.69
https://ratescout.ru/en/obmen/tron-paypal-usd/,0,13,0%,58.08
https://ratescout.ru/obmen/payoneer-wire-gbp/,0,13,0%,59.31
https://ratescout.ru/valuta/visa-mastercard-azn/,0,13,0%,68.08
https://ratescout.ru/en/halving/,0,13,0%,70.08
https://ratescout.ru/en/slovar/fiat/,0,13,0%,78.08
https://ratescout.ru/obmen/tether-trc20-visa-mastercard-azn/,0,13,0%,86
https://ratescout.ru/valuta/nagad/,0,12,0%,11.5
https://ratescout.ru/valuta/easypaisa/,0,12,0%,11.67
https://ratescout.ru/en/valuta/sberbank/,0,12,0%,21.25
https://ratescout.ru/valuta/revolut-gbp/,0,12,0%,23.33
https://ratescout.ru/valuta/unionpay/,0,12,0%,49.67
https://ratescout.ru/slovar/hash-tranzakcii/,0,12,0%,52.25
https://ratescout.ru/en/valuta/qiwi-kzt/,0,12,0%,54.67
https://ratescout.ru/blog/usdt-seti-trc20-erc20-bep20/,0,12,0%,56.08
https://ratescout.ru/en/valuta/notcoin/,0,12,0%,63.08
https://ratescout.ru/en/sravnenie/ethereum-arbitrum-vs-ethereum-bep20/,0,12,0%,63.83
https://ratescout.ru/en/obmen/tether-erc20-paypal-usd/,0,12,0%,65.67
https://ratescout.ru/valuta/wire-euro/,0,12,0%,68
https://ratescout.ru/obmen/tether-erc20-visa-mastercard-pln/,0,12,0%,70.25
https://ratescout.ru/en/stablecoins/,0,12,0%,70.33
https://ratescout.ru/obmen/yoomoney-visa-mastercard-uah/,0,12,0%,71.42
https://ratescout.ru/kupit/ethereum-arbitrum/,0,12,0%,71.83
https://ratescout.ru/en/kupit/wire-usd/,0,12,0%,73.08
https://ratescout.ru/obmen/algorand-internet-computer/,0,12,0%,77.42
https://ratescout.ru/en/sravnenie/ethereum-arbitrum-vs-tether-trc20/,0,12,0%,81.17
https://ratescout.ru/valuta/jazzcash/,0,11,0%,4.27
https://ratescout.ru/en/valuta/vtb/,0,11,0%,9.36
https://ratescout.ru/valuta/trueusd/,0,11,0%,12.64
https://ratescout.ru/en/valuta/tinkoff/,0,11,0%,19.09
https://ratescout.ru/en/valuta/alipay/,0,11,0%,20.09
https://ratescout.ru/obmen/litecoin-usd-coin/,0,11,0%,22.82
https://ratescout.ru/en/valuta/monobank/,0,11,0%,23.82
https://ratescout.ru/en/valuta/visa-mastercard-byr/,0,11,0%,34.36
https://ratescout.ru/kupit/eos/,0,11,0%,34.73
https://ratescout.ru/obmen/wise-cash-thb/,0,11,0%,42.55
https://ratescout.ru/obmen/tether-trc20-visa-mastercard-try/,0,11,0%,43.09
https://ratescout.ru/obmen/tether-trc20-wire-try/,0,11,0%,43.18
https://ratescout.ru/valuta/ethereum-bep20/,0,11,0%,46.18
https://ratescout.ru/valuta/pumb/,0,11,0%,53.45
https://ratescout.ru/en/kategoriya/nalichnye/,0,11,0%,56.18
https://ratescout.ru/obmen/ripple-hryvnia-cash/,0,11,0%,57.45
https://ratescout.ru/obmen/ethereum-optimism-monobank/,0,11,0%,57.55
https://ratescout.ru/en/obmen/litecoin-paypal-usd/,0,11,0%,58.73
https://ratescout.ru/valuta/wire-hkd/,0,11,0%,59.73
https://ratescout.ru/en/valuta/cosmos/,0,11,0%,62.45
https://ratescout.ru/obmen/payoneer-wire-euro/,0,11,0%,63.27
https://ratescout.ru/valuta/sberbank-qr-code/,0,11,0%,64.91
https://ratescout.ru/en/valuta/ton/,0,11,0%,67.09
https://ratescout.ru/obmen/tether-trc20-tinkoff-cash-in/,0,11,0%,67.64
https://ratescout.ru/en/kupit/bitcoin/,0,11,0%,69.18
https://ratescout.ru/obmen/terra-bitcoin/,0,11,0%,70.64
https://ratescout.ru/en/sravnenie/ethereum-bep20-vs-tether/,0,11,0%,80.45
https://ratescout.ru/en/valuta/oschadbank/,0,10,0%,8.4
https://ratescout.ru/en/valuta/alfaclick/,0,10,0%,9.4
https://ratescout.ru/en/valuta/kaspi-bank/,0,10,0%,11.5
https://ratescout.ru/en/valuta/freedom-bank/,0,10,0%,13.8
https://ratescout.ru/valuta/uscard/,0,10,0%,21.8
https://ratescout.ru/valuta/wire-ils/,0,10,0%,31.3
https://ratescout.ru/en/valuta/jazzcash/,0,10,0%,40.6
https://ratescout.ru/valuta/yoomoney/,0,10,0%,41.9
https://ratescout.ru/valuta/tether-arbitrum/,0,10,0%,43.3
https://ratescout.ru/en/kupit/neo/,0,10,0%,43.8
https://ratescout.ru/valuta/polkadot/,0,10,0%,51.4
https://ratescout.ru/en/valuta/visa-mastercard-bgn/,0,10,0%,53.6
https://ratescout.ru/en/sravnenie/tether-vs-binance-coin/,0,10,0%,55.4
https://ratescout.ru/obmen/privat24-uah-ethereum/,0,10,0%,56.1
https://ratescout.ru/valuta/rosbank/,0,10,0%,56.6
https://ratescout.ru/valuta/skrill-euro/,0,10,0%,56.7
https://ratescout.ru/en/valuta/tether-optimism/,0,10,0%,57.1
https://ratescout.ru/valuta/exmo-tether/,0,10,0%,57.5
https://ratescout.ru/valuta/settlement-rub/,0,10,0%,57.5
https://ratescout.ru/valuta/tron/,0,10,0%,58.4
https://ratescout.ru/valuta/corp-bank-euro/,0,10,0%,61.1
https://ratescout.ru/valuta/cash-chf/,0,10,0%,65.2
https://ratescout.ru/obmen/tether-trc20-visa-mastercard-usd/,0,10,0%,66.4
https://ratescout.ru/valuta/wire-thb/,0,10,0%,68.9
https://ratescout.ru/en/sravnenie/tether-trc20-vs-binance-coin-bep2/,0,10,0%,72.8
https://ratescout.ru/blog/stablecoins-usdt-usdc-dai/,0,10,0%,74.2
https://ratescout.ru/valuta/visa-mastercard-inr/,0,10,0%,75.1
https://ratescout.ru/valuta/idram/,0,9,0%,13.56
https://ratescout.ru/valuta/visa-mastercard-rub/,0,9,0%,14.78
https://ratescout.ru/valuta/filecoin/,0,9,0%,15.22
https://ratescout.ru/en/valuta/avangard/,0,9,0%,17
https://ratescout.ru/obmen/ethereum-arbitrum-ton/,0,9,0%,25.33
https://ratescout.ru/valuta/usd-coin-sol/,0,9,0%,40.33
https://ratescout.ru/obmen/payoneer-revolut-euro/,0,9,0%,45
https://ratescout.ru/en/valuta/visa-mastercard-czk/,0,9,0%,46.11
https://ratescout.ru/obmen/monobank-wise/,0,9,0%,49.44
https://ratescout.ru/en/sravnenie/bitcoin-vs-tether-sol/,0,9,0%,60.56
https://ratescout.ru/obmen/tinkoff-usd-coin/,0,9,0%,61.56
https://ratescout.ru/en/kupit/iota/,0,9,0%,63.67
https://ratescout.ru/valuta/wire-gbp/,0,9,0%,67.33
https://ratescout.ru/obmen/privat24-uah-tether-trc20/,0,9,0%,67.67
https://ratescout.ru/en/sravnenie/bitcoin-vs-tether-avax/,0,9,0%,68.33
https://ratescout.ru/en/obmen/monobank-tether-erc20/,0,9,0%,70.56
https://ratescout.ru/en/sravnenie/bitcoin-ln-vs-ethereum-bep20/,0,9,0%,71.11
https://ratescout.ru/valuta/wire-ron/,0,9,0%,71.33
https://ratescout.ru/en/sravnenie/tether-erc20-vs-tether-polygon/,0,9,0%,71.78
https://ratescout.ru/en/sravnenie/tether-vs-usdt-near/,0,9,0%,73.89
https://ratescout.ru/obmen/visa-mastercard-pln-tether-erc20/,0,9,0%,74
https://ratescout.ru/en/sravnenie/bitcoin-ln-vs-tether-avax/,0,9,0%,78.11
https://ratescout.ru/en/valuta/trueusd-trc20/,0,9,0%,78.56
https://ratescout.ru/en/monitor/,0,9,0%,80
https://ratescout.ru/obmen/algorand-tether-erc20/,0,9,0%,83.22
https://ratescout.ru/sravnenie/bitcoin-vs-tether-bep20/,0,9,0%,84.22
https://ratescout.ru/obmen/tether-trc20-aave/,0,9,0%,86.22
https://ratescout.ru/redakciya/,0,8,0%,4.38
https://ratescout.ru/en/obmen/tether-trc20-sbp/,0,8,0%,6.75
https://ratescout.ru/en/blog/chto-takoe-sbp/,0,8,0%,8
https://ratescout.ru/kupit/nem/,0,8,0%,8.25
https://ratescout.ru/valuta/sui/,0,8,0%,8.38
https://ratescout.ru/en/obmen/dash-paypal-usd/,0,8,0%,17.12
https://ratescout.ru/obmen/vtb-bitcoin/,0,8,0%,21.12
https://ratescout.ru/obmen/litecoin-visa-mastercard-try/,0,8,0%,26
https://ratescout.ru/obmen/ton-wrapped-bitcoin/,0,8,0%,26.38
https://ratescout.ru/en/valuta/idram/,0,8,0%,27.75
https://ratescout.ru/valuta/epay/,0,8,0%,30.88
https://ratescout.ru/valuta/paytm/,0,8,0%,35.5
https://ratescout.ru/valuta/revolut-usd/,0,8,0%,38.25
https://ratescout.ru/valuta/wire-inr/,0,8,0%,38.38
https://ratescout.ru/valuta/zrx/,0,8,0%,40.38
https://ratescout.ru/valuta/tinkoff-cash-in/,0,8,0%,41.5
https://ratescout.ru/valuta/advanced-cash-euro/,0,8,0%,43.25
https://ratescout.ru/obmen/payoneer-wise-euro/,0,8,0%,44.62
https://ratescout.ru/obmen/ethereum-bitcoin/,0,8,0%,44.75
https://ratescout.ru/en/valuta/openbank/,0,8,0%,46.62
https://ratescout.ru/valuta/busd/,0,8,0%,52.88
https://ratescout.ru/valuta/payoneer-euro/,0,8,0%,54.25
https://ratescout.ru/valuta/wire-php/,0,8,0%,57.12
https://ratescout.ru/en/obmen/paypal-usd-monero/,0,8,0%,58.38
https://ratescout.ru/obmen/vtb-wire-euro/,0,8,0%,59.88
https://ratescout.ru/en/valuta/dollar-cash/,0,8,0%,60.38
https://ratescout.ru/obmen/ripple-privat24-uah/,0,8,0%,61.12
https://ratescout.ru/valuta/wire-kzt/,0,8,0%,61.88
https://ratescout.ru/en/valuta/trade-usd/,0,8,0%,62.25
https://ratescout.ru/valuta/alfabank-cash-in/,0,8,0%,62.38
https://ratescout.ru/en/obmen/monobank-bitcoin/,0,8,0%,70.12
https://ratescout.ru/en/blog/usdt-seti-trc20-erc20-bep20/,0,8,0%,70.75
https://ratescout.ru/obmen/ethereum-wire-uah/,0,8,0%,71.88
https://ratescout.ru/en/sravnenie/ethereum-bep20-vs-tether-sol/,0,8,0%,73.38
https://ratescout.ru/obmen/monero-tether-polygon/,0,8,0%,77.12
https://ratescout.ru/en/sravnenie/tether-trc20-vs-tether-polygon/,0,8,0%,79.88
https://ratescout.ru/obmen/aave-tether-trc20/,0,8,0%,82.62
https://ratescout.ru/valuta/decentraland/,0,7,0%,7.57
https://ratescout.ru/en/slovar/sbp/,0,7,0%,9.43
https://ratescout.ru/valuta/post-bank/,0,7,0%,18.14
https://ratescout.ru/valuta/optimism/,0,7,0%,22.43
https://ratescout.ru/obmen/visa-mastercard-rub-usd-coin/,0,7,0%,24.43
https://ratescout.ru/obmen/ton-litecoin/,0,7,0%,25.86
https://ratescout.ru/obmen/litecoin-visa-mastercard-azn/,0,7,0%,26.43
https://ratescout.ru/en/valuta/privat24-uah/,0,7,0%,27
https://ratescout.ru/obmen/xaut-erc20-ripple/,0,7,0%,27.57
https://ratescout.ru/obmen/ethereum-litecoin/,0,7,0%,28.71
https://ratescout.ru/obmen/tether-trc20-wire-rub/,0,7,0%,36.14
https://ratescout.ru/valuta/openbank/,0,7,0%,37.43
https://ratescout.ru/obmen/wise-monobank/,0,7,0%,38
https://ratescout.ru/valuta/sbp/,0,7,0%,43.43
https://ratescout.ru/en/obmen/tether-trc20-tron/,0,7,0%,46.71
https://ratescout.ru/valuta/cash-cad/,0,7,0%,47
https://ratescout.ru/en/valuta/filecoin/,0,7,0%,48
https://ratescout.ru/en/valuta/paypal-usd/,0,7,0%,50.14
https://ratescout.ru/valuta/tether-polygon/,0,7,0%,52.29
https://ratescout.ru/obmen/pyusd-wire-pln/,0,7,0%,52.71
https://ratescout.ru/en/sravnenie/tether-polygon-vs-binance-coin/,0,7,0%,55.43
https://ratescout.ru/en/valuta/tether/,0,7,0%,56.29
https://ratescout.ru/obmen/payoneer-sepa/,0,7,0%,57.14
https://ratescout.ru/valuta/wire-bdt/,0,7,0%,60.29
https://ratescout.ru/obmen/ripple-wire-aed/,0,7,0%,61.86
https://ratescout.ru/valuta/visa-mastercard-vnd/,0,7,0%,62.57
https://ratescout.ru/obmen/zcash-hryvnia-cash/,0,7,0%,62.71
https://ratescout.ru/en/kupit/chainlink/,0,7,0%,65.14
https://ratescout.ru/en/obmen/wise-tether-ton/,0,7,0%,65.43
https://ratescout.ru/en/valuta/monobank-euro/,0,7,0%,65.43
https://ratescout.ru/obmen/usdc-arbitrum-solana/,0,7,0%,65.86
https://ratescout.ru/obmen/payoneer-visa-mastercard-uah/,0,7,0%,71.57
https://ratescout.ru/en/valuta/peso-cash/,0,7,0%,73.43
https://ratescout.ru/en/obmen/bitcoin-monobank/,0,7,0%,76.57
https://ratescout.ru/valuta/tether-avax/,0,7,0%,80.71
https://ratescout.ru/obmen/algorand-filecoin/,0,7,0%,88.29
https://ratescout.ru/obmen/cash-ruble-tether-trc20/,0,6,0%,6.67
https://ratescout.ru/valuta/avangard/,0,6,0%,25.17
https://ratescout.ru/obmen/tether-trc20-tron/,0,6,0%,29
https://ratescout.ru/valuta/binance-coin/,0,6,0%,31
https://ratescout.ru/en/valuta/mercado-pago/,0,6,0%,33.17
https://ratescout.ru/en/obmen/dash-visa-mastercard-usd/,0,6,0%,36.33
https://ratescout.ru/kupit/monobank/,0,6,0%,39
https://ratescout.ru/valuta/gazprombank/,0,6,0%,41.33
https://ratescout.ru/en/valuta/visa-mastercard-nok/,0,6,0%,44.5
https://ratescout.ru/valuta/ontology/,0,6,0%,44.67
https://ratescout.ru/obmen/ripple-wire-thb/,0,6,0%,45.83
https://ratescout.ru/en/valuta/dogecoin/,0,6,0%,47.83
https://ratescout.ru/en/obmen/paypal-usd-usd-coin/,0,6,0%,52.33
https://ratescout.ru/kupit/bitcoin-cash/,0,6,0%,53.33
https://ratescout.ru/obmen/ethereum-visa-mastercard-inr/,0,6,0%,54.67
https://ratescout.ru/en/obmen/paypal-usd-ethereum/,0,6,0%,58.83
https://ratescout.ru/valuta/paypal-usd/,0,6,0%,59
https://ratescout.ru/en/valuta/wire-euro/,0,6,0%,61.83
https://ratescout.ru/valuta/corp-bank-usd/,0,6,0%,64.5
https://ratescout.ru/obmen/turkish-cash-ripple/,0,6,0%,64.83
https://ratescout.ru/valuta/wire-myr/,0,6,0%,65.17
https://ratescout.ru/en/kupit/wire-ngn/,0,6,0%,66.33
https://ratescout.ru/en/sravnenie/binance-coin-vs-binance-coin-bep2/,0,6,0%,67.33
https://ratescout.ru/en/sravnenie/ethereum-vs-ethereum-bep20/,0,6,0%,69.17
https://ratescout.ru/obmen/ripple-dirham/,0,6,0%,69.33
https://ratescout.ru/en/obmen/solana-visa-mastercard-usd/,0,6,0%,71
https://ratescout.ru/en/blog/nalichnyy-obmen-kripty/,0,6,0%,71.5
https://ratescout.ru/en/slovar/komissiya-seti/,0,6,0%,72.33
https://ratescout.ru/en/sravnenie/tether-vs-tether-trc20/,0,6,0%,73
https://ratescout.ru/en/kupit/renminbi-cash/,0,6,0%,74.67
https://ratescout.ru/en/sravnenie/tether-bep20-vs-usdt-near/,0,6,0%,75.83
https://ratescout.ru/valuta/bitcoin-ln/,0,6,0%,76.33
https://ratescout.ru/en/sravnenie/ethereum-arbitrum-vs-ethereum-optimism/,0,6,0%,78
https://ratescout.ru/en/sravnenie/tether-sol-vs-binance-coin/,0,6,0%,81.5
https://ratescout.ru/en/sravnenie/usdt-near-vs-tether-polygon/,0,6,0%,81.83
https://ratescout.ru/en/sravnenie/tether-vs-tether-polygon/,0,6,0%,82.17
https://ratescout.ru/obmen/aave-tether-bep20/,0,6,0%,94.67
https://ratescout.ru/slovar/napravlenie/,0,5,0%,2.8
https://ratescout.ru/en/obmen/tether-ton-yoomoney/,0,5,0%,6.2
https://ratescout.ru/en/obmen/tether-trc20-yoomoney/,0,5,0%,7
https://ratescout.ru/en/obmen/tether-trc20-alipay/,0,5,0%,8.6
https://ratescout.ru/en/valuta/epay/,0,5,0%,8.8
https://ratescout.ru/obmen/tether-trc20-alipay/,0,5,0%,9.2
https://ratescout.ru/en/obmen/tether-trc20-tinkoff/,0,5,0%,9.4
https://ratescout.ru/en/valuta/unionpay/,0,5,0%,9.6
https://ratescout.ru/slovar/podtverzhdenie/,0,5,0%,15.6
https://ratescout.ru/valuta/chainlink/,0,5,0%,20.4
https://ratescout.ru/en/valuta/utopia-usd/,0,5,0%,24.4
https://ratescout.ru/obmen/mir-wmz/,0,5,0%,27
https://ratescout.ru/en/kupit/yoomoney/,0,5,0%,27.8
https://ratescout.ru/obmen/ton-visa-mastercard-czk/,0,5,0%,29.2
https://ratescout.ru/valuta/wire-rub/,0,5,0%,31.2
https://ratescout.ru/en/obmen/tether-bep20-visa-mastercard-uah/,0,5,0%,33.6
https://ratescout.ru/en/valuta/mobile-wallet-rub/,0,5,0%,34
https://ratescout.ru/obmen/revolut-euro-cash-pln/,0,5,0%,38.6
https://ratescout.ru/valuta/mir/,0,5,0%,38.6
https://ratescout.ru/valuta/visa-mastercard-czk/,0,5,0%,39
https://ratescout.ru/valuta/tezos/,0,5,0%,39.4
https://ratescout.ru/valuta/ravencoin/,0,5,0%,40.4
https://ratescout.ru/valuta/nixmoney/,0,5,0%,42.2
https://ratescout.ru/obmen/monobank-paypal-usd/,0,5,0%,45.6
https://ratescout.ru/en/obmen/privat24-uah-psbank/,0,5,0%,48.8
https://ratescout.ru/valuta/euro-cash/,0,5,0%,49.6
https://ratescout.ru/en/blog/,0,5,0%,51.4
https://ratescout.ru/obmen/privat24-uah-paypal-usd/,0,5,0%,51.6
https://ratescout.ru/en/valuta/usd-coin-sol/,0,5,0%,51.8
https://ratescout.ru/en/kupit/visa-mastercard-ron/,0,5,0%,52.8
https://ratescout.ru/obmen/tether-erc20-sbp/,0,5,0%,53
https://ratescout.ru/en/kupit/uniswap/,0,5,0%,54.4
https://ratescout.ru/en/sravnenie/tether-vs-binance-coin-bep2/,0,5,0%,54.4
https://ratescout.ru/valuta/visa-mastercard-ron/,0,5,0%,56
https://ratescout.ru/valuta/wire-byn/,0,5,0%,56.6
https://ratescout.ru/en/valuta/bitcoin/,0,5,0%,56.8
https://ratescout.ru/valuta/wise-gbp/,0,5,0%,56.8
https://ratescout.ru/obmen/tinkoff-bitcoin/,0,5,0%,58.4
https://ratescout.ru/obmen/visa-mastercard-usd-tether-trc20/,0,5,0%,60
https://ratescout.ru/en/sravnenie/bitcoin-ln-vs-binance-coin/,0,5,0%,61.4
https://ratescout.ru/obmen/payoneer-wire-aed/,0,5,0%,61.6
https://ratescout.ru/en/sravnenie/tether-erc20-vs-binance-coin/,0,5,0%,62.4
https://ratescout.ru/en/sravnenie/tether-avax-vs-binance-coin/,0,5,0%,62.6
https://ratescout.ru/en/valuta/visa-mastercard-mdl/,0,5,0%,63
https://ratescout.ru/valuta/usdc-near/,0,5,0%,63
https://ratescout.ru/valuta/wire-ars/,0,5,0%,63
https://ratescout.ru/en/valuta/visa-mastercard-idr/,0,5,0%,63.6
https://ratescout.ru/valuta/wire-cad/,0,5,0%,63.8
https://ratescout.ru/valuta/wire-try/,0,5,0%,64.2
https://ratescout.ru/obmen/paysera-euro-tether-trc20/,0,5,0%,66
https://ratescout.ru/en/obmen/solana-paypal-usd/,0,5,0%,67.6
https://ratescout.ru/obmen/bat-wire-thb/,0,5,0%,67.8
https://ratescout.ru/en/valuta/euro-cash/,0,5,0%,68.4
https://ratescout.ru/obmen/payoneer-euro-dollar-cash/,0,5,0%,69
https://ratescout.ru/en/valuta/wire-gbp/,0,5,0%,70
https://ratescout.ru/en/sravnenie/ethereum-arbitrum-vs-ethereum/,0,5,0%,70.2
https://ratescout.ru/obmen/paypal-usd-tether-trc20/,0,5,0%,70.2
https://ratescout.ru/obmen/tron-pancakeswap/,0,5,0%,70.4
https://ratescout.ru/obmen/tether-erc20-wire-uah/,0,5,0%,71.4
https://ratescout.ru/en/slovar/altcoin/,0,5,0%,72.6
https://ratescout.ru/valuta/saudi-cash/,0,5,0%,73.4
https://ratescout.ru/valuta/visa-mastercard-idr/,0,5,0%,75.2
https://ratescout.ru/en/aml/,0,5,0%,76.4
https://ratescout.ru/obmen/visa-mastercard-try-tether-trc20/,0,5,0%,80.2
https://ratescout.ru/obmen/tether-erc20-visa-mastercard-gel/,0,5,0%,81.4
https://ratescout.ru/en/sravnenie/tether-sol-vs-tether-polygon/,0,5,0%,81.6
https://ratescout.ru/en/obmen/paypal-usd-bitcoin/,0,5,0%,82.2
https://ratescout.ru/en/obmen/tether-polygon-wise/,0,5,0%,84.6
https://ratescout.ru/valuta/wrapped-eth/,0,5,0%,89.8
https://ratescout.ru/na/cash-ruble/,0,4,0%,4.75
https://ratescout.ru/en/kupit/wechat/,0,4,0%,5.75
https://ratescout.ru/en/obmen/solana-capitalist/,0,4,0%,6.5
https://ratescout.ru/obmen/oschadbank-visa-mastercard-pln/,0,4,0%,7.25
https://ratescout.ru/valuta/m10/,0,4,0%,7.5
https://ratescout.ru/en/kupit/visa-mastercard-tjs/,0,4,0%,8
https://ratescout.ru/obmen/pepe-tinkoff/,0,4,0%,8.5
https://ratescout.ru/obmen/tinkoff-ethereum-classic/,0,4,0%,8.5
https://ratescout.ru/obmen/monobank-revolut-usd/,0,4,0%,9
https://ratescout.ru/valuta/atm-nfc-rub/,0,4,0%,9.25
https://ratescout.ru/en/valuta/advanced-cash-try/,0,4,0%,13.25
https://ratescout.ru/blog/kak-obmenyat-tron/,0,4,0%,13.5
https://ratescout.ru/en/valuta/tether-trc20/,0,4,0%,17.75
https://ratescout.ru/valuta/moneygram/,0,4,0%,20.75
https://ratescout.ru/obmen/tether-trc20-visa-mastercard-rub/,0,4,0%,21.25
https://ratescout.ru/en/valuta/aptos/,0,4,0%,23.75
https://ratescout.ru/en/valuta/advanced-cash-uah/,0,4,0%,25.5
https://ratescout.ru/obmen/visa-mastercard-rub-tether-trc20/,0,4,0%,26.5
https://ratescout.ru/en/obmen/dash-wise/,0,4,0%,26.75
https://ratescout.ru/valuta/capitalist-rub/,0,4,0%,27
https://ratescout.ru/obmen/ethereum-tether-sol/,0,4,0%,29.5
https://ratescout.ru/valuta/monobank-usd/,0,4,0%,31.5
https://ratescout.ru/obmen/ukrsibbank-tether-trc20/,0,4,0%,33.75
https://ratescout.ru/en/kupit/monobank/,0,4,0%,34.5
https://ratescout.ru/obmen/litecoin-wmz/,0,4,0%,37
https://ratescout.ru/en/vidzhet/,0,4,0%,38.25
https://ratescout.ru/valuta/visa-mastercard-try/,0,4,0%,38.5
https://ratescout.ru/en/valuta/uni/,0,4,0%,39.25
https://ratescout.ru/en/valuta/raiffeisen-bank/,0,4,0%,39.5
https://ratescout.ru/en/obmen/wise-bitcoin/,0,4,0%,40
https://ratescout.ru/en/valuta/usd-coin-polygon/,0,4,0%,44
https://ratescout.ru/valuta/mts-bank/,0,4,0%,44.5
https://ratescout.ru/valuta/cronos/,0,4,0%,45.5
https://ratescout.ru/obmen/ripple-mercado-pago/,0,4,0%,46.25
https://ratescout.ru/valuta/dirham/,0,4,0%,49.25
https://ratescout.ru/obmen/tether-erc20-visa-mastercard-euro/,0,4,0%,51
https://ratescout.ru/en/kupit/wire-thb/,0,4,0%,53
https://ratescout.ru/obmen/usd-coin-polygon-tether-ton/,0,4,0%,53.5
https://ratescout.ru/valuta/wire-pln/,0,4,0%,53.75
https://ratescout.ru/en/kupit/idram/,0,4,0%,55.75
https://ratescout.ru/obmen/vtb-visa-mastercard-try/,0,4,0%,57.25
https://ratescout.ru/en/kupit/payoneer/,0,4,0%,58
https://ratescout.ru/obmen/ripple-wire-pln/,0,4,0%,59
https://ratescout.ru/en/valuta/privat24-usd/,0,4,0%,60
https://ratescout.ru/obmen/usdc-arbitrum-tether-arbitrum/,0,4,0%,60.25
https://ratescout.ru/valuta/wire-pkr/,0,4,0%,60.5
https://ratescout.ru/en/kupit/payoneer-euro/,0,4,0%,61.5
https://ratescout.ru/en/sravnenie/tether-optimism-vs-binance-coin/,0,4,0%,62.5
https://ratescout.ru/valuta/tether-sol/,0,4,0%,63
https://ratescout.ru/valuta/wire-bgn/,0,4,0%,63.5
https://ratescout.ru/obmen/tether-erc20-tron/,0,4,0%,63.75
https://ratescout.ru/en/valuta/mobile-wallet-uah/,0,4,0%,65.25
https://ratescout.ru/valuta/wire-vnd/,0,4,0%,65.25
https://ratescout.ru/valuta/ethereum/,0,4,0%,66
https://ratescout.ru/obmen/tether-bep20-upi/,0,4,0%,68
https://ratescout.ru/en/sravnenie/tether-bep20-vs-binance-coin-bep2/,0,4,0%,70
https://ratescout.ru/valuta/visa-mastercard-gel/,0,4,0%,70.25
https://ratescout.ru/slovar/tranzakciya/,0,4,0%,70.75
https://ratescout.ru/obmen/tether-arbitrum-ethereum/,0,4,0%,72
https://ratescout.ru/obmen/litecoin-wire-uah/,0,4,0%,72.25
https://ratescout.ru/obmen/algorand-dai/,0,4,0%,73.25
https://ratescout.ru/en/obmen/ethereum-visa-mastercard-usd/,0,4,0%,74
https://ratescout.ru/valuta/visa-mastercard-aed/,0,4,0%,74.5
https://ratescout.ru/en/obmen/ripple-vtb/,0,4,0%,75
https://ratescout.ru/obmen/usd-coin-sbp/,0,4,0%,75
https://ratescout.ru/en/sravnenie/ethereum-optimism-vs-ethereum/,0,4,0%,75.5
https://ratescout.ru/obmen/monobank-euro-tether-erc20/,0,4,0%,76.75
https://ratescout.ru/en/sravnenie/tether-erc20-vs-tether-bep20/,0,4,0%,77.25
https://ratescout.ru/sravnenie/bitcoin-vs-tether-trc20/,0,4,0%,77.75
https://ratescout.ru/en/obmen/tether-polygon-yoomoney/,0,4,0%,79.75
https://ratescout.ru/en/obmen/tether-polygon-capitalist/,0,4,0%,80.75
https://ratescout.ru/en/blog/stablecoins-usdt-usdc-dai/,0,4,0%,82.25
https://ratescout.ru/obmen/binance-coin-tether-erc20/,0,4,0%,82.75
https://ratescout.ru/en/kupit/wire-bdt/,0,4,0%,83
https://ratescout.ru/en/sravnenie/ethereum-optimism-vs-tether/,0,4,0%,83.75
https://ratescout.ru/en/valuta/pound-cash/,0,4,0%,83.75
https://ratescout.ru/en/valuta/cash-ngn/,0,4,0%,87.75
https://ratescout.ru/obmen/tether-trc20-wire-krw/,0,4,0%,92.75
https://ratescout.ru/blog/,0,3,0%,2.67
https://ratescout.ru/kursy/,0,3,0%,4.67
https://ratescout.ru/obmen/bitcoin-alfaclick/,0,3,0%,4.67
https://ratescout.ru/obmen/tether-ton-sbp/,0,3,0%,6.33
https://ratescout.ru/obzor/mesyac/,0,3,0%,6.67
https://ratescout.ru/en/valuta/icon/,0,3,0%,7
https://ratescout.ru/en/kupit/vtb/,0,3,0%,7.33
https://ratescout.ru/obmen/litecoin-uscard/,0,3,0%,7.67
https://ratescout.ru/raskrytie/,0,3,0%,7.67
https://ratescout.ru/en/valuta/fortebank/,0,3,0%,8
https://ratescout.ru/en/valuta/gazprombank/,0,3,0%,8
https://ratescout.ru/en/kupit/ozon/,0,3,0%,8.33
https://ratescout.ru/en/obmen/tether-trc20-alfaclick/,0,3,0%,8.33
https://ratescout.ru/obmen/psbank-alipay/,0,3,0%,8.33
https://ratescout.ru/en/obmen/visa-mastercard-rub-tether-trc20/,0,3,0%,8.67
https://ratescout.ru/obmen/neo-dollar-cash/,0,3,0%,8.67
https://ratescout.ru/obmen/ton-solana/,0,3,0%,8.67
https://ratescout.ru/en/valuta/eurasian-bank/,0,3,0%,9
https://ratescout.ru/obmen/neo-decentraland/,0,3,0%,9
https://ratescout.ru/obmen/tether-ton-raiffeisen-bank/,0,3,0%,9
https://ratescout.ru/obmen/ton-wire-euro/,0,3,0%,9
https://ratescout.ru/obmen/ozon-alipay/,0,3,0%,9.33
https://ratescout.ru/en/valuta/wu/,0,3,0%,9.67
https://ratescout.ru/obmen/tron-zen-euro/,0,3,0%,9.67
https://ratescout.ru/obmen/tether-ton-vtb/,0,3,0%,10.67
https://ratescout.ru/obmen/ripple-visa-mastercard-try/,0,3,0%,12.67
https://ratescout.ru/kupit/epay/,0,3,0%,14.67
https://ratescout.ru/valuta/tether/,0,3,0%,16.33
https://ratescout.ru/valuta/tinkoff-qr-codes/,0,3,0%,16.33
https://ratescout.ru/valuta/iota/,0,3,0%,17.67
https://ratescout.ru/obmen/xaut-erc20-tether-ton/,0,3,0%,21.33
https://ratescout.ru/obmen/tinkoff-tron/,0,3,0%,23.67
https://ratescout.ru/obmen/xaut-erc20-usdt-near/,0,3,0%,24
https://ratescout.ru/en/valuta/wechat/,0,3,0%,24.33
https://ratescout.ru/valuta/som-cash/,0,3,0%,24.67
https://ratescout.ru/valuta/usdc-arbitrum/,0,3,0%,24.67
https://ratescout.ru/obmen/mir-dollar-cash/,0,3,0%,25
https://ratescout.ru/valuta/aave/,0,3,0%,25.33
https://ratescout.ru/obmen/payoneer-zelle/,0,3,0%,25.67
https://ratescout.ru/en/obmen/visa-mastercard-euro-tether-bep20/,0,3,0%,26.33
https://ratescout.ru/en/valuta/neteller/,0,3,0%,27
https://ratescout.ru/en/valuta/settlement-rub/,0,3,0%,28
https://ratescout.ru/obmen/ethereum-tether-erc20/,0,3,0%,28.67
https://ratescout.ru/obmen/bat-bitcoin/,0,3,0%,29.67
https://ratescout.ru/obmen/polygon-wire-euro/,0,3,0%,30
https://ratescout.ru/en/obmen/visa-mastercard-euro-tron/,0,3,0%,32.33
https://ratescout.ru/obmen/rosselhozbank-wmz/,0,3,0%,33.33
https://ratescout.ru/valuta/visa-mastercard-ngn/,0,3,0%,33.67
https://ratescout.ru/obmen/tether-trc20-tinkoff-qr-codes/,0,3,0%,34
https://ratescout.ru/obmen/monero-pancakeswap/,0,3,0%,35
https://ratescout.ru/obmen/ripple-vtb/,0,3,0%,35.67
https://ratescout.ru/kupit/idram/,0,3,0%,36.33
https://ratescout.ru/kupit/alipay/,0,3,0%,37.67
https://ratescout.ru/obmen/tether-trc20-euro-cash/,0,3,0%,39.33
https://ratescout.ru/en/obmen/tinkoff-tether-bep20/,0,3,0%,39.67
https://ratescout.ru/valuta/eurasian-bank/,0,3,0%,39.67
https://ratescout.ru/valuta/belarus-cash/,0,3,0%,44.33
https://ratescout.ru/valuta/tenge-cash/,0,3,0%,44.67
https://ratescout.ru/en/obmen/bitcoin-dollar-cash/,0,3,0%,46.33
https://ratescout.ru/en/obmen/litecoin-visa-mastercard-rub/,0,3,0%,46.67
https://ratescout.ru/en/slovar/token/,0,3,0%,46.67
https://ratescout.ru/en/valuta/easypaisa/,0,3,0%,49
https://ratescout.ru/obmen/payoneer-visa-mastercard-aed/,0,3,0%,49.33
https://ratescout.ru/obmen/tether-bep20-wire-rub/,0,3,0%,49.33
https://ratescout.ru/valuta/peso-cash/,0,3,0%,53
https://ratescout.ru/en/valuta/fasapay/,0,3,0%,53.33
https://ratescout.ru/obmen/raiffeisen-bank-visa-mastercard-thb/,0,3,0%,55
https://ratescout.ru/obmen/ripple-cash-aud/,0,3,0%,55.67
https://ratescout.ru/valuta/visa-mastercard-ars/,0,3,0%,56.33
https://ratescout.ru/valuta/blik/,0,3,0%,56.67
https://ratescout.ru/obmen/raiffeisen-bank-visa-mastercard-vnd/,0,3,0%,57.33
https://ratescout.ru/en/sravnenie/bitcoin-vs-binance-coin-bep2/,0,3,0%,57.67
https://ratescout.ru/obmen/payoneer-euro-wire-uah/,0,3,0%,57.67
https://ratescout.ru/en/obmen/litecoin-visa-mastercard-usd/,0,3,0%,58
https://ratescout.ru/en/kupit/pyusd/,0,3,0%,59.33
https://ratescout.ru/en/obmen/paypal-usd-tron/,0,3,0%,59.67
https://ratescout.ru/en/sravnenie/bitcoin-vs-binance-coin/,0,3,0%,60.33
https://ratescout.ru/obmen/ripple-cash-chf/,0,3,0%,61.33
https://ratescout.ru/en/valuta/wire-aud/,0,3,0%,61.67
https://ratescout.ru/obmen/payoneer-visa-mastercard-gbp/,0,3,0%,61.67
https://ratescout.ru/obmen/usd-coin-sol-ethereum/,0,3,0%,61.67
https://ratescout.ru/obmen/raiffeisen-bank-wire-euro/,0,3,0%,62.67
https://ratescout.ru/obmen/raiffeisen-bank-visa-mastercard-try/,0,3,0%,63.67
https://ratescout.ru/obmen/ethereum-arbitrum-ethereum-arbitrum/,0,3,0%,64
https://ratescout.ru/obmen/tether-polygon-usd-coin-polygon/,0,3,0%,64
https://ratescout.ru/obmen/visa-mastercard-euro-bitcoin/,0,3,0%,65
https://ratescout.ru/en/obmen/tether-trc20-bitcoin/,0,3,0%,65.67
https://ratescout.ru/valuta/pound-cash/,0,3,0%,65.67
https://ratescout.ru/en/obmen/tether-bep20-paypal-usd/,0,3,0%,66
https://ratescout.ru/en/valuta/visa-mastercard-vnd/,0,3,0%,66
https://ratescout.ru/kupit/polkadot/,0,3,0%,66
https://ratescout.ru/obmen/ethereum-tether-polygon/,0,3,0%,66
https://ratescout.ru/en/slovar/ekvayring/,0,3,0%,66.33
https://ratescout.ru/obmen/payoneer-euro-visa-mastercard-usd/,0,3,0%,66.33
https://ratescout.ru/en/sravnenie/tether-trc20-vs-tether-bep20/,0,3,0%,66.67
https://ratescout.ru/obmen/aptos-solana/,0,3,0%,67.33
https://ratescout.ru/obmen/sberbank-visa-mastercard-kgs/,0,3,0%,67.33
https://ratescout.ru/en/sravnenie/tether-ton-vs-binance-coin/,0,3,0%,67.67
https://ratescout.ru/koshelki/,0,3,0%,68
https://ratescout.ru/obmen/pyusd-wire-thb/,0,3,0%,69
https://ratescout.ru/obmen/ethereum-inr-cash/,0,3,0%,69.33
https://ratescout.ru/en/obmen/paypal-usd-solana/,0,3,0%,70
https://ratescout.ru/obmen/ripple-dollar-cash/,0,3,0%,70
https://ratescout.ru/obmen/ripple-wire-rub/,0,3,0%,70
https://ratescout.ru/obmen/aave-arbitrum/,0,3,0%,70.67
https://ratescout.ru/en/obmen/wise-bitcoin-cash/,0,3,0%,71
https://ratescout.ru/en/sravnenie/ethereum-bep20-vs-tether-bep20/,0,3,0%,71.33
https://ratescout.ru/en/sravnenie/tether-polygon-vs-tether-optimism/,0,3,0%,71.67
https://ratescout.ru/en/kupit/wire-inr/,0,3,0%,72.67
https://ratescout.ru/en/sravnenie/bitcoin-vs-ethereum-bep20/,0,3,0%,73
https://ratescout.ru/kupit/pax-dollar/,0,3,0%,73.33
https://ratescout.ru/sravnenie/bitcoin-vs-ethereum-bep20/,0,3,0%,73.33
https://ratescout.ru/en/obmen/tron-wise/,0,3,0%,75
https://ratescout.ru/en/sravnenie/tether-trc20-vs-tether-ton/,0,3,0%,76.67
https://ratescout.ru/obmen/pumb-visa-mastercard-pln/,0,3,0%,78
https://ratescout.ru/en/valuta/privat24-euro/,0,3,0%,78.33
https://ratescout.ru/obmen/usd-coin-polygon-usd-coin-polygon/,0,3,0%,78.33
https://ratescout.ru/valuta/inr-cash/,0,3,0%,79
https://ratescout.ru/obmen/paypal-usd-tether-bep20/,0,3,0%,81.33
https://ratescout.ru/valuta/trade-usd/,0,3,0%,81.33
https://ratescout.ru/obmen/visa-mastercard-euro-tether-trc20/,0,3,0%,82
https://ratescout.ru/en/sravnenie/tether-polygon-vs-tether-ton/,0,3,0%,82.33
https://ratescout.ru/en/sravnenie/tether-vs-tether-ton/,0,3,0%,82.33
https://ratescout.ru/obmen/ripple-turkish-cash/,0,3,0%,86.67
https://ratescout.ru/en/sravnenie/bitcoin-vs-exmo-tether/,0,3,0%,87
https://ratescout.ru/obmen/wire-usd-tether-erc20/,0,3,0%,87.67
https://ratescout.ru/obmen/ripple-visa-mastercard-aed/,0,3,0%,88
https://ratescout.ru/en/sravnenie/tether-avax-vs-tether-polygon/,0,3,0%,89.33
https://ratescout.ru/en/sravnenie/tether-bep20-vs-tether-polygon/,0,3,0%,90.33
https://ratescout.ru/valuta/ars-cash/,0,3,0%,93
https://ratescout.ru/blog/page/2/,0,2,0%,3
https://ratescout.ru/slovar/limit/,0,2,0%,3
https://ratescout.ru/en/obmen/tether-bep20-yoomoney/,0,2,0%,4
https://ratescout.ru/obmen/sense-bank-visa-mastercard-pln/,0,2,0%,4
https://ratescout.ru/valuta/dai/,0,2,0%,4
https://ratescout.ru/en/obmen/tether-erc20-sberbank/,0,2,0%,4.5
https://ratescout.ru/obmen/ozon-humo/,0,2,0%,4.5
https://ratescout.ru/kupit/pyusd/,0,2,0%,5
https://ratescout.ru/obmen/advanced-cash-euro-oschadbank/,0,2,0%,5
https://ratescout.ru/en/obmen/tether-trc20-privat24-uah/,0,2,0%,5.5
https://ratescout.ru/blog/komissii-setey-tron-eth-bsc/,0,2,0%,6
https://ratescout.ru/en/kupit/tinkoff-cash-in/,0,2,0%,6
https://ratescout.ru/en/kupit/visa-mastercard-kzt/,0,2,0%,6
https://ratescout.ru/en/obmen/dogecoin-wise/,0,2,0%,6
https://ratescout.ru/obmen/mir-cash-cad/,0,2,0%,6
https://ratescout.ru/kategoriya/nalichnye/,0,2,0%,6.5
https://ratescout.ru/kupit/visa-mastercard-tjs/,0,2,0%,6.5
https://ratescout.ru/obmen/sbp-pix/,0,2,0%,6.5
https://ratescout.ru/en/obmen/alfaclick-tether-trc20/,0,2,0%,7
https://ratescout.ru/kupit/cash-ruble/,0,2,0%,7
https://ratescout.ru/kupit/cronos/,0,2,0%,7
https://ratescout.ru/obmen/terra-tron/,0,2,0%,7
https://ratescout.ru/en/obmen/sbp-tether-ton/,0,2,0%,7.5
https://ratescout.ru/en/kupit/avangard/,0,2,0%,8
https://ratescout.ru/en/obmen/monero-sberbank/,0,2,0%,8
https://ratescout.ru/en/obmen/sbp-alipay/,0,2,0%,8
https://ratescout.ru/kupit/bitcoin-sv/,0,2,0%,8
https://ratescout.ru/obmen/capitalist-euro-visa-mastercard-usd/,0,2,0%,8
https://ratescout.ru/en/obmen/privat24-uah-tether-trc20/,0,2,0%,8.5
https://ratescout.ru/en/kupit/capitalist-rub/,0,2,0%,9
https://ratescout.ru/en/o-servise/,0,2,0%,9
https://ratescout.ru/en/obmen/tether-trc20-visa-mastercard-rub/,0,2,0%,9
https://ratescout.ru/obmen/ozon-visa-mastercard-vnd/,0,2,0%,9
https://ratescout.ru/blog/kak-vybrat-obmennik/,0,2,0%,9.5
https://ratescout.ru/en/valuta/mir/,0,2,0%,9.5
https://ratescout.ru/en/valuta/wu-euro/,0,2,0%,9.5
https://ratescout.ru/obmen/tether-trc20-privat24-uah/,0,2,0%,9.5
https://ratescout.ru/obmen/dogecoin-rnkb/,0,2,0%,10
https://ratescout.ru/obmen/raiffeisen-bank-revolut-euro/,0,2,0%,10
https://ratescout.ru/obmen/dai-uniswap/,0,2,0%,10.5
https://ratescout.ru/obmen/exmo-tether-revolut-euro/,0,2,0%,10.5
https://ratescout.ru/obmen/post-bank-euro-cash/,0,2,0%,11
https://ratescout.ru/obmen/revolut-euro-dollar-cash/,0,2,0%,11
https://ratescout.ru/obmen/tether-trc20-belarusbank/,0,2,0%,11
https://ratescout.ru/obmen/ozon-visa-mastercard-kgs/,0,2,0%,12.5
https://ratescout.ru/obmen/vtb-tether-trc20/,0,2,0%,26
https://ratescout.ru/valuta/moneygo/,0,2,0%,27
https://ratescout.ru/valuta/shiba-inu-bep20/,0,2,0%,27
https://ratescout.ru/valuta/kaspa/,0,2,0%,28
https://ratescout.ru/valuta/zen-euro/,0,2,0%,28
https://ratescout.ru/en/valuta/rosselhozbank/,0,2,0%,29
https://ratescout.ru/obmen/usd-coin-ethereum-classic/,0,2,0%,29
https://ratescout.ru/obmen/ethereum-classic-usd-coin-bep20/,0,2,0%,29.5
https://ratescout.ru/en/obmen/monero-tether-trc20/,0,2,0%,30
https://ratescout.ru/obmen/tether-bep20-wire-mxn/,0,2,0%,30
https://ratescout.ru/en/valuta/settlement-uah/,0,2,0%,30.5
https://ratescout.ru/obmen/ripple-uniswap/,0,2,0%,30.5
https://ratescout.ru/valuta/neteller/,0,2,0%,30.5
https://ratescout.ru/en/valuta/otpbank-uah/,0,2,0%,31.5
https://ratescout.ru/valuta/jysan-bank/,0,2,0%,31.5
https://ratescout.ru/en/obmen/tether-ton-kaspi-bank/,0,2,0%,32
https://ratescout.ru/en/valuta/halykbank/,0,2,0%,32
https://ratescout.ru/kupit/neo/,0,2,0%,32
https://ratescout.ru/obmen/mts-bank-wmz/,0,2,0%,32.5
https://ratescout.ru/valuta/elcart/,0,2,0%,33.5
https://ratescout.ru/blog/kak-obmenyat-ethereum/,0,2,0%,34.5
https://ratescout.ru/valuta/gc-usd/,0,2,0%,34.5
https://ratescout.ru/en/obmen/wise-tron/,0,2,0%,35
https://ratescout.ru/en/kupit/wire-ars/,0,2,0%,35.5
https://ratescout.ru/obmen/raiffeisen-bank-paypal-euro/,0,2,0%,36.5
https://ratescout.ru/obmen/chainlink-arbitrum/,0,2,0%,37
https://ratescout.ru/en/obmen/litecoin-mir/,0,2,0%,38
https://ratescout.ru/en/valuta/wire-aed/,0,2,0%,38
https://ratescout.ru/kupit/monobank-euro/,0,2,0%,39.5
https://ratescout.ru/obmen/litecoin-solana/,0,2,0%,39.5
https://ratescout.ru/obmen/payoneer-euro-visa-mastercard-uah/,0,2,0%,40.5
https://ratescout.ru/valuta/visa-mastercard-byr/,0,2,0%,41
https://ratescout.ru/en/na/yoomoney/,0,2,0%,42
https://ratescout.ru/en/valuta/wire-rub/,0,2,0%,42
https://ratescout.ru/kupit/visa-mastercard-pln/,0,2,0%,42
https://ratescout.ru/valuta/real-cash/,0,2,0%,42
https://ratescout.ru/obmen/ethereum-bat/,0,2,0%,42.5
https://ratescout.ru/en/valuta/vechain/,0,2,0%,43
https://ratescout.ru/en/kupit/alipay/,0,2,0%,43.5
https://ratescout.ru/obmen/pancakeswap-cash-ruble/,0,2,0%,44.5
https://ratescout.ru/obmen/sberbank-visa-mastercard-kzt/,0,2,0%,44.5
https://ratescout.ru/en/valuta/wire-hkd/,0,2,0%,45.5
https://ratescout.ru/obmen/ethereum-wire-aud/,0,2,0%,46
https://ratescout.ru/kupit/visa-mastercard-kzt/,0,2,0%,46.5
https://ratescout.ru/obmen/ethereum-visa-mastercard-euro/,0,2,0%,46.5
https://ratescout.ru/obmen/tether-trc20-wire-gel/,0,2,0%,47
https://ratescout.ru/obmen/dollar-cash-visa-mastercard-euro/,0,2,0%,47.5
https://ratescout.ru/en/kupit/nagad/,0,2,0%,48.5
https://ratescout.ru/blog/chto-takoe-p2p/,0,2,0%,49
https://ratescout.ru/en/slovar/,0,2,0%,49
https://ratescout.ru/obmen/euro-cash-visa-mastercard-cny/,0,2,0%,49
https://ratescout.ru/obmen/monobank-visa-mastercard-try/,0,2,0%,50
https://ratescout.ru/valuta/cash-pln/,0,2,0%,50
https://ratescout.ru/valuta/cash-azn/,0,2,0%,51.5
https://ratescout.ru/en/kupit/usd-coin-polygon/,0,2,0%,52.5
https://ratescout.ru/obmen/monero-zen-euro/,0,2,0%,52.5
https://ratescout.ru/obmen/ripple-wire-idr/,0,2,0%,53
https://ratescout.ru/valuta/paypal-cad/,0,2,0%,53
https://ratescout.ru/obmen/litecoin-tether-erc20/,0,2,0%,54
https://ratescout.ru/obmen/ripple-wire-cad/,0,2,0%,54.5
https://ratescout.ru/obmen/ethereum-wire-ars/,0,2,0%,55
https://ratescout.ru/obmen/payoneer-wire-thb/,0,2,0%,55
https://ratescout.ru/obmen/litecoin-wire-inr/,0,2,0%,56
https://ratescout.ru/en/kupit/tether-erc20/,0,2,0%,56.5
https://ratescout.ru/en/kupit/trump/,0,2,0%,56.5
https://ratescout.ru/en/obmen/visa-mastercard-uah-visa-mastercard-rub/,0,2,0%,56.5
https://ratescout.ru/en/valuta/tenge-cash/,0,2,0%,56.5
https://ratescout.ru/obmen/ethereum-wire-idr/,0,2,0%,57
https://ratescout.ru/obmen/euro-cash-usd-coin-polygon/,0,2,0%,57
https://ratescout.ru/obmen/sberbank-visa-mastercard-try/,0,2,0%,57
https://ratescout.ru/en/kupit/easypaisa/,0,2,0%,58
https://ratescout.ru/en/kupit/ethereum-arbitrum/,0,2,0%,58
https://ratescout.ru/en/valuta/abank/,0,2,0%,58
https://ratescout.ru/en/obmen/capitalist-tron/,0,2,0%,59
https://ratescout.ru/en/sravnenie/bitcoin-ln-vs-exmo-tether/,0,2,0%,60
https://ratescout.ru/en/sravnenie/bitcoin-ln-vs-binance-coin-bep2/,0,2,0%,60.5
https://ratescout.ru/kupit/wise/,0,2,0%,60.5
https://ratescout.ru/obmen/payoneer-wire-ils/,0,2,0%,60.5
https://ratescout.ru/valuta/sgd-cash/,0,2,0%,60.5
https://ratescout.ru/en/kupit/wire-cny/,0,2,0%,61
https://ratescout.ru/obmen/privat24-uah-visa-mastercard-kzt/,0,2,0%,61
https://ratescout.ru/obmen/tron-visa-mastercard-usd/,0,2,0%,61
https://ratescout.ru/en/na/visa-mastercard-rub/,0,2,0%,61.5
https://ratescout.ru/en/obmen/wise-tether-erc20/,0,2,0%,61.5
https://ratescout.ru/en/valuta/atm-qr-thb/,0,2,0%,61.5
https://ratescout.ru/obmen/cash-ruble-visa-mastercard-mdl/,0,2,0%,61.5
https://ratescout.ru/valuta/visa-mastercard-brl/,0,2,0%,61.5
https://ratescout.ru/en/kupit/notcoin/,0,2,0%,62
https://ratescout.ru/obmen/tether-polygon-solana/,0,2,0%,62
https://ratescout.ru/en/obmen/visa-mastercard-usd-tether-polygon/,0,2,0%,62.5
https://ratescout.ru/en/kupit/sgd-cash/,0,2,0%,63
https://ratescout.ru/en/valuta/tether-arbitrum/,0,2,0%,63
https://ratescout.ru/obmen/mir-paypal-usd/,0,2,0%,63
https://ratescout.ru/obmen/mir-wire-thb/,0,2,0%,63.5
https://ratescout.ru/en/obmen/capitalist-tether-erc20/,0,2,0%,64
https://ratescout.ru/en/valuta/upi/,0,2,0%,64
https://ratescout.ru/slovar/sbp/,0,2,0%,64
https://ratescout.ru/obmen/revolut-usd-dong-cash/,0,2,0%,64.5
https://ratescout.ru/obmen/usd-coin-polygon-wire-cad/,0,2,0%,64.5
https://ratescout.ru/en/valuta/trueusd/,0,2,0%,65
https://ratescout.ru/en/blog/kak-obmenyat-litecoin/,0,2,0%,65.5
https://ratescout.ru/obmen/payoneer-wise/,0,2,0%,65.5
https://ratescout.ru/obmen/ripple-cash-shekel/,0,2,0%,65.5
https://ratescout.ru/en/obmen/tron-visa-mastercard-euro/,0,2,0%,66
https://ratescout.ru/obmen/pepe-visa-mastercard-kgs/,0,2,0%,66
https://ratescout.ru/obmen/visa-mastercard-azn-usd-coin/,0,2,0%,66
https://ratescout.ru/en/sravnenie/bitcoin-vs-ethereum-arbitrum/,0,2,0%,66.5
https://ratescout.ru/en/sravnenie/ethereum-bep20-vs-binance-coin-bep2/,0,2,0%,66.5
https://ratescout.ru/obmen/avalanche-usd-coin-polygon/,0,2,0%,66.5
https://ratescout.ru/obmen/hryvnia-cash-ethereum-classic/,0,2,0%,66.5
https://ratescout.ru/obmen/raiffeisen-bank-visa-mastercard-euro/,0,2,0%,66.5
https://ratescout.ru/valuta/humo/,0,2,0%,66.5
https://ratescout.ru/en/obmen/solana-wise/,0,2,0%,67
https://ratescout.ru/en/valuta/tether-ton/,0,2,0%,67
https://ratescout.ru/en/obmen/ripple-paypal-usd/,0,2,0%,67.5
https://ratescout.ru/en/sravnenie/tether-sol-vs-tether-bep20/,0,2,0%,68
https://ratescout.ru/obmen/arbitrum-usd-coin-sol/,0,2,0%,68
https://ratescout.ru/obmen/ripple-wire-czk/,0,2,0%,68
https://ratescout.ru/en/sravnenie/tether-trc20-vs-tether-arbitrum/,0,2,0%,68.5
https://ratescout.ru/obmen/sbp-usd-coin/,0,2,0%,68.5
https://ratescout.ru/obmen/usd-coin-polygon-visa-mastercard-tjs/,0,2,0%,68.5
https://ratescout.ru/en/obmen/ripple-monobank/,0,2,0%,69
https://ratescout.ru/obmen/ethereum-optimism-mir/,0,2,0%,69.5
https://ratescout.ru/obmen/sberbank-visa-mastercard-uzs/,0,2,0%,69.5
https://ratescout.ru/obmen/polygon-wire-gbp/,0,2,0%,70
https://ratescout.ru/obmen/usd-coin-russtandart/,0,2,0%,70
https://ratescout.ru/en/kupit/cash-ruble/,0,2,0%,70.5
https://ratescout.ru/en/obmen/paypal-usd-bitcoin-cash/,0,2,0%,70.5
https://ratescout.ru/obmen/alfaclick-visa-mastercard-vnd/,0,2,0%,70.5
https://ratescout.ru/obmen/cash-chf-ripple/,0,2,0%,70.5
https://ratescout.ru/en/kupit/wire-pln/,0,2,0%,71.5
https://ratescout.ru/en/obmen/visa-mastercard-usd-tron/,0,2,0%,71.5
https://ratescout.ru/obmen/sberbank-visa-mastercard-cny/,0,2,0%,71.5
https://ratescout.ru/valuta/bittorrent/,0,2,0%,71.5
https://ratescout.ru/obmen/ethereum-wise-gbp/,0,2,0%,72
https://ratescout.ru/obmen/ethereum-waves/,0,2,0%,72.5
https://ratescout.ru/valuta/wire-gel/,0,2,0%,72.5
https://ratescout.ru/obmen/polygon-filecoin/,0,2,0%,73
https://ratescout.ru/obmen/tinkoff-visa-mastercard-vnd/,0,2,0%,73
https://ratescout.ru/en/kupit/wire-rub/,0,2,0%,73.5
https://ratescout.ru/obmen/ethereum-optimism-ethereum-optimism/,0,2,0%,73.5
https://ratescout.ru/obmen/turkish-cash-tron/,0,2,0%,73.5
https://ratescout.ru/en/blog/limity-sbp-bankov/,0,2,0%,74
https://ratescout.ru/en/sravnenie/tether-polygon-vs-tether-arbitrum/,0,2,0%,74
https://ratescout.ru/en/valuta/belarus-cash/,0,2,0%,74
https://ratescout.ru/obmen/usd-coin-wire-idr/,0,2,0%,74
https://ratescout.ru/en/obmen/tether-polygon-visa-mastercard-usd/,0,2,0%,75.5
https://ratescout.ru/en/obmen/visa-mastercard-rub-bitcoin/,0,2,0%,75.5
https://ratescout.ru/kupit/tinkoff-qr-codes/,0,2,0%,76
https://ratescout.ru/en/kupit/optimism/,0,2,0%,76.5
https://ratescout.ru/en/valuta/wire-idr/,0,2,0%,76.5
https://ratescout.ru/obmen/usd-coin-uniswap/,0,2,0%,76.5
https://ratescout.ru/obmen/polygon-wire-thb/,0,2,0%,77
https://ratescout.ru/en/sravnenie/tether-ton-vs-tether-optimism/,0,2,0%,77.5
https://ratescout.ru/en/sravnenie/tether-trc20-vs-usdt-near/,0,2,0%,77.5
https://ratescout.ru/obmen/avalanche-tether-bep20/,0,2,0%,77.5
https://ratescout.ru/en/obmen/solana-visa-mastercard-rub/,0,2,0%,78
https://ratescout.ru/obmen/algorand-ripple/,0,2,0%,79
https://ratescout.ru/obmen/tron-wire-myr/,0,2,0%,80
https://ratescout.ru/en/sravnenie/tether-trc20-vs-tether-optimism/,0,2,0%,81
https://ratescout.ru/obmen/tinkoff-visa-mastercard-cny/,0,2,0%,81
https://ratescout.ru/obmen/cash-ruble-visa-mastercard-cny/,0,2,0%,81.5
https://ratescout.ru/obmen/payoneer-turkish-cash/,0,2,0%,82.5
https://ratescout.ru/obmen/ripple-algorand/,0,2,0%,83.5
https://ratescout.ru/obmen/tether-trc20-wire-euro/,0,2,0%,83.5
https://ratescout.ru/en/sravnenie/ethereum-bep20-vs-tether-ton/,0,2,0%,84
https://ratescout.ru/en/sravnenie/exmo-tether-vs-tether/,0,2,0%,84
https://ratescout.ru/obmen/usd-coin-visa-mastercard-gbp/,0,2,0%,84
https://ratescout.ru/obmen/bitcoin-cash-cad/,0,2,0%,84.5
https://ratescout.ru/obmen/sberbank-tether-erc20/,0,2,0%,85
https://ratescout.ru/en/sravnenie/tether-vs-tether-erc20/,0,2,0%,85.5
https://ratescout.ru/valuta/wire-ngn/,0,2,0%,86
https://ratescout.ru/sravnenie/tether-bep20-vs-binance-coin/,0,2,0%,86.5
https://ratescout.ru/en/sravnenie/tether-sol-vs-tether-ton/,0,2,0%,87.5
https://ratescout.ru/obmen/pancakeswap-ethereum-bep20/,0,2,0%,88
https://ratescout.ru/en/sravnenie/usdt-near-vs-tether-arbitrum/,0,2,0%,89
https://ratescout.ru/obmen/advanced-cash-wire-gbp/,0,2,0%,89
https://ratescout.ru/en/obmen/tron-visa-mastercard-usd/,0,2,0%,89.5
https://ratescout.ru/obmen/tether-trc20-visa-mastercard-kzt/,0,2,0%,89.5
https://ratescout.ru/en/valuta/dong-cash/,0,2,0%,90
https://ratescout.ru/en/obmen/tron-capitalist/,0,2,0%,91
https://ratescout.ru/valuta/uni-rub/,0,2,0%,91.5
https://ratescout.ru/obmen/pancakeswap-visa-mastercard-ron/,0,2,0%,92.5
https://ratescout.ru/en/faq/,0,1,0%,1
https://ratescout.ru/en/obzor/mesyac/,0,1,0%,1
https://ratescout.ru/halving/,0,1,0%,1
https://ratescout.ru/en/kupit/paypal-aud/,0,1,0%,2
https://ratescout.ru/en/kupit/tinkoff-qr-codes/,0,1,0%,2
https://ratescout.ru/en/kupit/usdc-optimism/,0,1,0%,2
https://ratescout.ru/en/redakciya/,0,1,0%,2